Symbol,Security,GICS Sector,GICS Sub-Industry,Date added,CIK
MMM,3M,Industrials,Industrial Conglomerates,1957-03-04,66740
AOS,A. O. Smith,Industrials,Building Products,2017-07-26,91142
ABT,Abbott Laboratories,Health Care,Health Care Equipment,1957-03-04,1800
ABBV,AbbVie,Health Care,Biotechnology,2012-12-31,1551152
ACN,Accenture,Information Technology,IT Consulting & Other Services,2011-07-06,1467373
ADBE,Adobe Inc.,Information Technology,Application Software,1997-05-05,796343
AMD,Advanced Micro Devices,Information Technology,Semiconductors,2017-03-20,2488
AES,AES Corporation,Utilities,Independent Power Producers & Energy Traders,1998-10-02,874761
AFL,Aflac,Financials,Life & Health Insurance,1999-05-28,4977
A,Agilent Technologies,Health Care,Life Sciences Tools & Services,2000-06-05,1090872
APD,Air Products,Materials,Industrial Gases,1985-04-30,2969
ABNB,Airbnb,Consumer Discretionary,"Hotels, Resorts & Cruise Lines",2023-09-18,1559720
AKAM,Akamai Technologies,Information Technology,Internet Services & Infrastructure,2007-07-12,1086222
ALB,Albemarle Corporation,Materials,Specialty Chemicals,2016-07-01,915913
ARE,Alexandria Real Estate Equities,Real Estate,Office REITs,2017-03-20,1035443
ALGN,Align Technology,Health Care,Health Care Supplies,2017-06-19,1097149
ALLE,Allegion,Industrials,Building Products,2013-12-02,1579241
LNT,Alliant Energy,Utilities,Electric Utilities,2016-07-01,352541
ALL,Allstate,Financials,Property & Casualty Insurance,1995-07-13,899051
GOOGL,Alphabet Inc. (Class A),Communication Services,Interactive Media & Services,2006-04-03,1652044
GOOG,Alphabet Inc. (Class C),Communication Services,Interactive Media & Services,2014-04-03,1652044
MO,Altria,Consumer Staples,Tobacco,1957-03-04,764180
AMZN,Amazon,Consumer Discretionary,Broadline Retail,2005-11-18,1018724
AMCR,Amcor,Materials,Paper & Plastic Packaging Products & Materials,2019-06-07,1748790
AEE,Ameren,Utilities,Multi-Utilities,1991-09-19,1002910
AEP,American Electric Power,Utilities,Electric Utilities,1957-03-04,4904
AXP,American Express,Financials,Consumer Finance,1976-06-30,4962
AIG,American International Group,Financials,Multi-line Insurance,1980-03-31,5272
AMT,American Tower,Real Estate,Telecom Tower REITs,2007-11-19,1053507
AWK,American Water Works,Utilities,Water Utilities,2016-03-04,1410636
AMP,Ameriprise Financial,Financials,Asset Management & Custody Banks,2005-10-03,820027
AME,Ametek,Industrials,Electrical Components & Equipment,2013-09-23,1037868
AMGN,Amgen,Health Care,Biotechnology,1992-01-02,318154
APH,Amphenol,Information Technology,Electronic Components,2008-09-30,820313
ADI,Analog Devices,Information Technology,Semiconductors,1999-10-12,6281
AON,Aon plc,Financials,Insurance Brokers,1996-04-23,315293
APA,APA Corporation,Energy,Oil & Gas Exploration & Production,1997-07-28,1841666
APO,Apollo Global Management,Financials,Asset Management & Custody Banks,2024-12-23,1858681
AAPL,Apple Inc.,Information Technology,"Technology Hardware, Storage & Peripherals",1982-11-30,320193
AMAT,Applied Materials,Information Technology,Semiconductor Materials & Equipment,1995-03-16,6951
APP,AppLovin,Communication Services,Advertising,2025-09-22,1751008
APTV,Aptiv,Consumer Discretionary,Automotive Parts & Equipment,2012-12-24,1521332
ACGL,Arch Capital Group,Financials,Property & Casualty Insurance,2022-11-01,947484
ADM,Archer Daniels Midland,Consumer Staples,Agricultural Products & Services,1957-03-04,7084
ARES,Ares Management,Financials,Asset Management & Custody Banks,2025-12-11,1176948
ANET,Arista Networks,Information Technology,Communications Equipment,2018-08-28,1596532
AJG,Arthur J. Gallagher & Co.,Financials,Insurance Brokers,2016-05-31,354190
AIZ,Assurant,Financials,Multi-line Insurance,2007-04-10,1267238
T,AT&T,Communication Services,Integrated Telecommunication Services,1983-11-30,732717
ATO,Atmos Energy,Utilities,Gas Utilities,2019-02-15,731802
ADSK,Autodesk,Information Technology,Application Software,1989-12-01,769397
ADP,Automatic Data Processing,Industrials,Human Resource & Employment Services,1981-03-31,8670
AZO,AutoZone,Consumer Discretionary,Automotive Retail,1997-01-02,866787
AVY,Avery Dennison,Materials,Paper & Plastic Packaging Products & Materials,1987-12-31,8818
AXON,Axon Enterprise,Industrials,Aerospace & Defense,2023-05-04,1069183
BKR,Baker Hughes,Energy,Oil & Gas Equipment & Services,2017-07-07,1701605
BALL,Ball Corporation,Materials,"Metal, Glass & Plastic Containers",1984-10-31,9389
BAC,Bank of America,Financials,Diversified Banks,1976-06-30,70858
BAX,Baxter International,Health Care,Health Care Equipment,1972-09-30,10456
BDX,Becton Dickinson,Health Care,Health Care Equipment,1972-09-30,10795
BRK.B,Berkshire Hathaway,Financials,Multi-Sector Holdings,2010-02-16,1067983
BBY,Best Buy,Consumer Discretionary,Computer & Electronics Retail,1999-06-29,764478
TECH,Bio-Techne,Health Care,Life Sciences Tools & Services,2021-08-30,842023
BIIB,Biogen,Health Care,Biotechnology,2003-11-13,875045
BLK,BlackRock,Financials,Asset Management & Custody Banks,2011-04-04,2012383
BX,Blackstone Inc.,Financials,Asset Management & Custody Banks,2023-09-18,1393818
XYZ,"Block, Inc.",Financials,Transaction & Payment Processing Services,2025-07-23,1512673
BE,Bloom Energy,Industrials,Electrical Components & Equipment,2026-09-21,1664703
BNY,BNY Mellon,Financials,Asset Management & Custody Banks,1995-03-31,1390777
BA,Boeing,Industrials,Aerospace & Defense,1957-03-04,12927
BKNG,Booking Holdings,Consumer Discretionary,"Hotels, Resorts & Cruise Lines",2009-11-06,1075531
BSX,Boston Scientific,Health Care,Health Care Equipment,1995-02-24,885725
BMY,Bristol Myers Squibb,Health Care,Pharmaceuticals,1957-03-04,14272
AVGO,Broadcom,Information Technology,Semiconductors,2014-05-08,1730168
BR,Broadridge Financial Solutions,Industrials,Data Processing & Outsourced Services,2018-06-18,1383312
BRO,Brown & Brown,Financials,Insurance Brokers,2021-09-20,79282
BF.B,Brown–Forman,Consumer Staples,Distillers & Vintners,1982-10-31,14693
BG,Bunge Global,Consumer Staples,Agricultural Products & Services,2023-03-15,1996862
BXP,"BXP, Inc.",Real Estate,Office REITs,2006-04-03,1037540
CHRW,C.H. Robinson,Industrials,Air Freight & Logistics,2007-03-02,1043277
CDNS,Cadence Design Systems,Information Technology,Application Software,2017-09-18,813672
CPT,Camden Property Trust,Real Estate,Multi-Family Residential REITs,2022-04-04,906345
COF,Capital One,Financials,Consumer Finance,1998-07-01,927628
CAH,Cardinal Health,Health Care,Health Care Distributors,1997-05-27,721371
CCL,Carnival Corporation,Consumer Discretionary,"Hotels, Resorts & Cruise Lines",1998-12-22,815097
CARR,Carrier Global,Industrials,Building Products,2020-04-03,1783180
CVNA,Carvana,Consumer Discretionary,Automotive Retail,2025-12-22,1690820
CASY,Casey's,Consumer Staples,Food Retail,2026-04-09,726958
CAT,Caterpillar Inc.,Industrials,Construction Machinery & Heavy Transportation Equipment,1957-03-04,18230
CBOE,Cboe Global Markets,Financials,Financial Exchanges & Data,2017-03-01,1374310
CBRE,CBRE Group,Real Estate,Real Estate Services,2006-11-10,1138118
CDW,CDW Corporation,Information Technology,Technology Distributors,2019-09-23,1402057
COR,Cencora,Health Care,Health Care Distributors,2001-08-30,1140859
CNC,Centene Corporation,Health Care,Managed Health Care,2016-03-30,1071739
CNP,CenterPoint Energy,Utilities,Multi-Utilities,1985-07-31,1130310
CF,CF Industries,Materials,Fertilizers & Agricultural Chemicals,2008-08-27,1324404
CRL,Charles River Laboratories,Health Care,Life Sciences Tools & Services,2021-05-14,1100682
SCHW,Charles Schwab Corporation,Financials,Investment Banking & Brokerage,1997-06-02,316709
CHTR,Charter Communications,Communication Services,Cable & Satellite,2016-09-08,1091667
CVX,Chevron Corporation,Energy,Integrated Oil & Gas,1957-03-04,93410
CMG,Chipotle Mexican Grill,Consumer Discretionary,Restaurants,2011-04-28,1058090
CB,Chubb Limited,Financials,Property & Casualty Insurance,2010-07-15,896159
CHD,Church & Dwight,Consumer Staples,Household Products,2015-12-29,313927
CIEN,Ciena,Information Technology,Communications Equipment,2026-02-09,936395
CI,Cigna,Health Care,Health Care Services,1976-06-30,1739940
CINF,Cincinnati Financial,Financials,Property & Casualty Insurance,1997-12-18,20286
CTAS,Cintas,Industrials,Diversified Support Services,2001-03-01,723254
CSCO,Cisco,Information Technology,Communications Equipment,1993-12-01,858877
C,Citigroup,Financials,Diversified Banks,1988-05-31,831001
CFG,Citizens Financial Group,Financials,Regional Banks,2016-01-29,759944
CLX,Clorox,Consumer Staples,Household Products,1969-03-31,21076
CME,CME Group,Financials,Financial Exchanges & Data,2006-08-11,1156375
CMS,CMS Energy,Utilities,Multi-Utilities,1957-03-04,811156
KO,Coca-Cola Company (The),Consumer Staples,Soft Drinks & Non-alcoholic Beverages,1957-03-04,21344
CTSH,Cognizant,Information Technology,IT Consulting & Other Services,2006-11-17,1058290
COHR,Coherent Corp.,Information Technology,Electronic Components,2026-03-23,820318
COIN,Coinbase,Financials,Financial Exchanges & Data,2025-05-19,1679788
CL,Colgate-Palmolive,Consumer Staples,Household Products,1957-03-04,21665
CMCSA,Comcast,Communication Services,Cable & Satellite,2002-11-19,1166691
FIX,Comfort Systems USA,Industrials,Construction & Engineering,2025-12-22,1035983
COP,ConocoPhillips,Energy,Oil & Gas Exploration & Production,1957-03-04,1163165
ED,Consolidated Edison,Utilities,Multi-Utilities,1957-03-04,1047862
STZ,Constellation Brands,Consumer Staples,Distillers & Vintners,2005-07-01,16918
CEG,Constellation Energy,Utilities,Electric Utilities,2022-02-02,1868275
COO,Cooper Companies (The),Health Care,Health Care Supplies,2016-09-23,711404
CPRT,Copart,Industrials,Diversified Support Services,2018-07-02,900075
GLW,Corning Inc.,Information Technology,Electronic Components,1995-02-27,24741
CPAY,Corpay,Financials,Transaction & Payment Processing Services,2018-06-20,1175454
CTVA,Corteva,Materials,Fertilizers & Agricultural Chemicals,2019-06-03,1755672
CSGP,CoStar Group,Real Estate,Real Estate Services,2022-09-19,1057352
COST,Costco,Consumer Staples,Consumer Staples Merchandise Retail,1993-10-01,909832
CRH,CRH plc,Materials,Construction Materials,2025-12-22,849395
CRWD,CrowdStrike,Information Technology,Systems Software,2024-06-24,1535527
CCI,Crown Castle,Real Estate,Telecom Tower REITs,2012-03-14,1051470
CSX,CSX Corporation,Industrials,Rail Transportation,1957-03-04,277948
CMI,Cummins,Industrials,Construction Machinery & Heavy Transportation Equipment,1965-03-31,26172
CVS,CVS Health,Health Care,Health Care Services,1957-03-04,64803
DHR,Danaher Corporation,Health Care,Life Sciences Tools & Services,1998-11-18,313616
DRI,Darden Restaurants,Consumer Discretionary,Restaurants,1995-05-31,940944
DDOG,Datadog,Information Technology,Application Software,2025-07-09,1561550
DVA,DaVita,Health Care,Health Care Services,2008-07-31,927066
DECK,Deckers Brands,Consumer Discretionary,Footwear,2024-03-18,910521
DE,Deere & Company,Industrials,Agricultural & Farm Machinery,1957-03-04,315189
DELL,Dell Technologies,Information Technology,"Technology Hardware, Storage & Peripherals",2024-09-23,1571996
DAL,Delta Air Lines,Industrials,Passenger Airlines,2013-09-11,27904
DVN,Devon Energy,Energy,Oil & Gas Exploration & Production,2000-08-30,1090012
DXCM,Dexcom,Health Care,Health Care Equipment,2020-05-12,1093557
FANG,Diamondback Energy,Energy,Oil & Gas Exploration & Production,2018-12-03,1539838
DLR,Digital Realty,Real Estate,Data Center REITs,2016-05-18,1297996
DG,Dollar General,Consumer Staples,Consumer Staples Merchandise Retail,2012-12-03,29534
DLTR,Dollar Tree,Consumer Staples,Consumer Staples Merchandise Retail,2011-12-19,935703
D,Dominion Energy,Utilities,Multi-Utilities,2016-11-30,715957
DPZ,Domino's,Consumer Discretionary,Restaurants,2020-05-12,1286681
DASH,DoorDash,Consumer Discretionary,Specialized Consumer Services,2025-03-24,1792789
DOV,Dover Corporation,Industrials,Industrial Machinery & Supplies & Components,1985-10-31,29905
DOW,Dow Inc.,Materials,Commodity Chemicals,2019-04-01,1751788
DHI,D. R. Horton,Consumer Discretionary,Homebuilding,2005-06-22,882184
DTE,DTE Energy,Utilities,Multi-Utilities,1957-03-04,936340
DUK,Duke Energy,Utilities,Electric Utilities,1976-06-30,1326160
DD,DuPont,Industrials,Industrial Conglomerates,2019-06-03,1666700
ETN,Eaton Corporation,Industrials,Electrical Components & Equipment,1957-03-04,1551182
EBAY,eBay Inc.,Consumer Discretionary,Broadline Retail,2002-07-22,1065088
ECHO,EchoStar,Communication Services,Wireless Telecommunication Services,2026-03-23,1415404
ECL,Ecolab,Materials,Specialty Chemicals,1989-01-31,31462
EIX,Edison International,Utilities,Electric Utilities,1957-03-04,827052
EW,Edwards Lifesciences,Health Care,Health Care Equipment,2011-04-01,1099800
ELV,Elevance Health,Health Care,Managed Health Care,2002-07-25,1156039
EME,Emcor,Industrials,Construction & Engineering,2025-09-22,105634
EMR,Emerson Electric,Industrials,Electrical Components & Equipment,1965-03-31,32604
ETR,Entergy,Utilities,Electric Utilities,1957-03-04,65984
EOG,EOG Resources,Energy,Oil & Gas Exploration & Production,2000-11-02,821189
EQT,EQT Corporation,Energy,Oil & Gas Exploration & Production,2022-10-03,33213
EFX,Equifax,Industrials,Research & Consulting Services,1997-06-19,33185
EQIX,Equinix,Real Estate,Data Center REITs,2015-03-20,1101239
ERIE,Erie Indemnity,Financials,Insurance Brokers,2024-09-23,922621
ESS,Essex Property Trust,Real Estate,Multi-Family Residential REITs,2014-04-02,920522
EL,Estée Lauder Companies (The),Consumer Staples,Personal Care Products,2006-01-05,1001250
EG,Everest Group,Financials,Reinsurance,2017-06-19,1095073
EVRG,Evergy,Utilities,Electric Utilities,2018-06-05,1711269
P,Everpure,Information Technology,"Technology Hardware, Storage & Peripherals",2026-09-21,1474432
ES,Eversource Energy,Utilities,Electric Utilities,2009-07-24,72741
EXC,Exelon,Utilities,Electric Utilities,1957-03-04,1109357
EXE,Expand Energy,Energy,Oil & Gas Exploration & Production,2025-03-24,895126
EXPE,Expedia Group,Consumer Discretionary,"Hotels, Resorts & Cruise Lines",2007-10-02,1324424
EXPD,Expeditors International,Industrials,Air Freight & Logistics,2007-10-10,746515
EXR,Extra Space Storage,Real Estate,Self-Storage REITs,2016-01-19,1289490
XOM,ExxonMobil,Energy,Integrated Oil & Gas,1957-03-04,2115436
FFIV,"F5, Inc.",Information Technology,Communications Equipment,2010-12-20,1048695
FDS,FactSet,Financials,Financial Exchanges & Data,2021-12-20,1013237
FICO,Fair Isaac,Information Technology,Application Software,2023-03-20,814547
FAST,Fastenal,Industrials,Trading Companies & Distributors,2008-09-15,815556
FRT,Federal Realty Investment Trust,Real Estate,Retail REITs,2016-02-01,34903
FDX,FedEx,Industrials,Air Freight & Logistics,1980-12-31,1048911
FDXF,FedEx Freight,Industrials,Cargo Ground Transportation,2026-06-01,2082247
FERG,Ferguson Enterprises,Industrials,Trading Companies & Distributors,2026-08-05,2011641
FIS,Fidelity National Information Services,Financials,Transaction & Payment Processing Services,2006-11-10,1136893
FITB,Fifth Third Bancorp,Financials,Regional Banks,1996-03-29,35527
FSLR,First Solar,Information Technology,Semiconductors,2022-12-19,1274494
FE,FirstEnergy,Utilities,Electric Utilities,1997-11-28,1031296
FISV,Fiserv,Financials,Transaction & Payment Processing Services,2001-04-02,798354
FLEX,Flex Ltd.,Information Technology,Electronic Manufacturing Services,2026-06-22,866374
F,Ford Motor Company,Consumer Discretionary,Automobile Manufacturers,1957-03-04,37996
FTNT,Fortinet,Information Technology,Systems Software,2018-10-11,1262039
FTV,Fortive,Industrials,Industrial Machinery & Supplies & Components,2016-07-01,1659166
FOXA,Fox Corporation (Class A),Communication Services,Broadcasting,2019-03-19,1754301
FOX,Fox Corporation (Class B),Communication Services,Broadcasting,2019-03-19,1754301
BEN,Franklin Resources,Financials,Asset Management & Custody Banks,1998-04-30,38777
FCX,Freeport-McMoRan,Materials,Copper,2011-07-01,831259
GRMN,Garmin,Consumer Discretionary,Consumer Electronics,2012-12-12,1121788
IT,Gartner,Information Technology,IT Consulting & Other Services,2017-04-05,749251
GE,GE Aerospace,Industrials,Aerospace & Defense,1957-03-04,40545
GEHC,GE HealthCare,Health Care,Health Care Equipment,2023-01-04,1932393
GEV,GE Vernova,Industrials,Heavy Electrical Equipment,2024-04-02,1996810
GEN,Gen Digital,Information Technology,Systems Software,2003-03-25,849399
GNRC,Generac,Industrials,Heavy Electrical Equipment,2021-03-22,1474735
GD,General Dynamics,Industrials,Aerospace & Defense,1957-03-04,40533
GIS,General Mills,Consumer Staples,Packaged Foods & Meats,1957-03-04,40704
GM,General Motors,Consumer Discretionary,Automobile Manufacturers,2013-06-06,1467858
GPC,Genuine Parts Company,Consumer Discretionary,Distributors,1973-12-31,40987
GILD,Gilead Sciences,Health Care,Biotechnology,2004-07-01,882095
GPN,Global Payments,Financials,Transaction & Payment Processing Services,2016-04-25,1123360
GL,Globe Life,Financials,Life & Health Insurance,1989-04-30,320335
GDDY,GoDaddy,Information Technology,Internet Services & Infrastructure,2024-06-24,1609711
GS,Goldman Sachs,Financials,Investment Banking & Brokerage,2002-07-22,886982
HAL,Halliburton,Energy,Oil & Gas Equipment & Services,1957-03-04,45012
HIG,Hartford (The),Financials,Property & Casualty Insurance,1957-03-04,874766
HAS,Hasbro,Consumer Discretionary,Leisure Products,1984-09-30,46080
HCA,HCA Healthcare,Health Care,Health Care Facilities,2015-01-27,860730
DOC,Healthpeak Properties,Real Estate,Health Care REITs,2008-03-31,765880
HSIC,Henry Schein,Health Care,Health Care Distributors,2015-03-17,1000228
HSY,Hershey Company (The),Consumer Staples,Packaged Foods & Meats,1957-03-04,47111
HPE,Hewlett Packard Enterprise,Information Technology,"Technology Hardware, Storage & Peripherals",2015-11-02,1645590
HLT,Hilton Worldwide,Consumer Discretionary,"Hotels, Resorts & Cruise Lines",2017-06-19,1585689
HD,Home Depot (The),Consumer Discretionary,Home Improvement Retail,1988-03-31,354950
HONA,Honeywell Aerospace,Industrials,Aerospace & Defense,2026-06-29,2089271
HON,Honeywell Technologies,Industrials,Industrial Conglomerates,1957-03-04,773840
HRL,Hormel Foods,Consumer Staples,Packaged Foods & Meats,2009-03-04,48465
HST,Host Hotels & Resorts,Real Estate,Hotel & Resort REITs,2007-03-20,1070750
HWM,Howmet Aerospace,Industrials,Aerospace & Defense,2016-10-21,4281
HPQ,HP Inc.,Information Technology,"Technology Hardware, Storage & Peripherals",1974-12-31,47217
HUBB,Hubbell Incorporated,Industrials,Industrial Machinery & Supplies & Components,2023-10-18,48898
HUM,Humana,Health Care,Managed Health Care,2012-12-10,49071
HBAN,Huntington Bancshares,Financials,Regional Banks,1997-08-28,49196
HII,Huntington Ingalls Industries,Industrials,Aerospace & Defense,2018-01-03,1501585
IBM,IBM,Information Technology,IT Consulting & Other Services,1957-03-04,51143
IEX,IDEX Corporation,Industrials,Industrial Machinery & Supplies & Components,2019-08-09,832101
IDXX,Idexx Laboratories,Health Care,Health Care Equipment,2017-01-05,874716
ITW,Illinois Tool Works,Industrials,Industrial Machinery & Supplies & Components,1986-02-28,49826
ILMN,"Illumina, Inc.",Health Care,Life Sciences Tools & Services,2026-09-21,1110803
INCY,Incyte,Health Care,Biotechnology,2017-02-28,879169
IR,Ingersoll Rand,Industrials,Industrial Machinery & Supplies & Components,2020-03-03,1699150
PODD,Insulet Corporation,Health Care,Health Care Equipment,2023-03-15,1145197
INTC,Intel,Information Technology,Semiconductors,1976-12-31,50863
IBKR,Interactive Brokers,Financials,Investment Banking & Brokerage,2025-08-28,1381197
ICE,Intercontinental Exchange,Financials,Financial Exchanges & Data,2007-09-26,1571949
IFF,International Flavors & Fragrances,Materials,Specialty Chemicals,1976-03-31,51253
IP,International Paper,Materials,Paper & Plastic Packaging Products & Materials,1957-03-04,51434
INTU,Intuit,Information Technology,Application Software,2000-12-05,896878
ISRG,Intuitive Surgical,Health Care,Health Care Equipment,2008-06-02,1035267
IVZ,Invesco,Financials,Asset Management & Custody Banks,2008-08-21,914208
INVH,Invitation Homes,Real Estate,Single-Family Residential REITs,2022-09-19,1687229
IQV,IQVIA,Health Care,Life Sciences Tools & Services,2017-08-29,1478242
IRM,Iron Mountain,Real Estate,Other Specialized REITs,2009-01-06,1020569
JBHT,J.B. Hunt,Industrials,Cargo Ground Transportation,2015-07-01,728535
JBL,Jabil,Information Technology,Electronic Manufacturing Services,2023-12-18,898293
JKHY,Jack Henry & Associates,Financials,Transaction & Payment Processing Services,2018-11-13,779152
J,Jacobs Solutions,Industrials,Construction & Engineering,2007-10-26,52988
JNJ,Johnson & Johnson,Health Care,Pharmaceuticals,1973-06-30,200406
JCI,Johnson Controls,Industrials,Building Products,2010-08-27,833444
JPM,JPMorgan Chase,Financials,Diversified Banks,1975-06-30,19617
KVUE,Kenvue,Consumer Staples,Personal Care Products,2023-08-25,1944048
KDP,Keurig Dr Pepper,Consumer Staples,Soft Drinks & Non-alcoholic Beverages,2022-06-21,1418135
KEY,KeyCorp,Financials,Regional Banks,1994-03-01,91576
KEYS,Keysight Technologies,Information Technology,Electronic Equipment & Instruments,2018-11-06,1601046
KMB,Kimberly-Clark,Consumer Staples,Household Products,1957-03-04,55785
KIM,Kimco Realty,Real Estate,Retail REITs,2006-04-04,879101
KMI,Kinder Morgan,Energy,Oil & Gas Storage & Transportation,2012-05-25,1506307
KKR,KKR & Co.,Financials,Asset Management & Custody Banks,2024-06-24,1404912
KLAC,KLA Corporation,Information Technology,Semiconductor Materials & Equipment,1997-09-30,319201
KHC,Kraft Heinz,Consumer Staples,Packaged Foods & Meats,2015-07-06,1637459
KR,Kroger,Consumer Staples,Food Retail,1957-03-04,56873
LHX,L3Harris,Industrials,Aerospace & Defense,2008-09-22,202058
LH,Labcorp,Health Care,Health Care Services,2004-11-01,920148
LRCX,Lam Research,Information Technology,Semiconductor Materials & Equipment,2012-06-29,707549
LVS,Las Vegas Sands,Consumer Discretionary,Casinos & Gaming,2019-10-03,1300514
LDOS,Leidos,Industrials,Diversified Support Services,2019-08-09,1336920
LEN,Lennar,Consumer Discretionary,Homebuilding,2005-10-04,920760
LII,Lennox International,Industrials,Building Products,2024-12-23,1069202
LLY,Lilly (Eli),Health Care,Pharmaceuticals,1970-12-31,59478
LIN,Linde plc,Materials,Industrial Gases,1992-07-01,1707925
LYV,Live Nation Entertainment,Communication Services,Movies & Entertainment,2019-12-23,1335258
LMT,Lockheed Martin,Industrials,Aerospace & Defense,1957-03-04,936468
L,Loews Corporation,Financials,Multi-line Insurance,1995-05-31,60086
LOW,Lowe's,Consumer Discretionary,Home Improvement Retail,1984-02-29,60667
LULU,Lululemon Athletica,Consumer Discretionary,"Apparel, Accessories & Luxury Goods",2023-10-18,1397187
LITE,Lumentum,Information Technology,Communications Equipment,2026-03-23,1633978
LYB,LyondellBasell,Materials,Specialty Chemicals,2012-09-05,1489393
MTB,M&T Bank,Financials,Regional Banks,2004-02-23,36270
MPC,Marathon Petroleum,Energy,Oil & Gas Refining & Marketing,2011-07-01,1510295
MAR,Marriott International,Consumer Discretionary,"Hotels, Resorts & Cruise Lines",1998-05-29,1048286
MRSH,Marsh McLennan,Financials,Insurance Brokers,1987-08-31,62709
MLM,Martin Marietta Materials,Materials,Construction Materials,2014-07-02,916076
MRVL,Marvell Technology,Information Technology,Semiconductors,2026-06-22,1835632
MAS,Masco,Industrials,Building Products,1981-06-30,62996
MA,Mastercard,Financials,Transaction & Payment Processing Services,2008-07-18,1141391
MKC,McCormick & Company,Consumer Staples,Packaged Foods & Meats,2003-03-20,63754
MCD,McDonald's,Consumer Discretionary,Restaurants,1970-06-30,63908
MCK,McKesson Corporation,Health Care,Health Care Distributors,1999-01-13,927653
MDT,Medtronic,Health Care,Health Care Equipment,1986-10-31,1613103
MRK,Merck & Co.,Health Care,Pharmaceuticals,1957-03-04,310158
META,Meta Platforms,Communication Services,Interactive Media & Services,2013-12-23,1326801
MET,MetLife,Financials,Life & Health Insurance,2000-12-11,1099219
MTD,Mettler Toledo,Health Care,Life Sciences Tools & Services,2016-09-06,1037646
MGM,MGM Resorts,Consumer Discretionary,Casinos & Gaming,2017-07-26,789570
MCHP,Microchip Technology,Information Technology,Semiconductors,2007-09-07,827054
MU,Micron Technology,Information Technology,Semiconductors,1994-09-27,723125
MSFT,Microsoft,Information Technology,Systems Software,1994-06-01,789019
MAA,Mid-America Apartment Communities,Real Estate,Multi-Family Residential REITs,2016-12-02,912595
MRNA,Moderna,Health Care,Biotechnology,2021-07-21,1682852
MDLZ,Mondelez International,Consumer Staples,Packaged Foods & Meats,2012-10-02,1103982
MPWR,Monolithic Power Systems,Information Technology,Semiconductors,2021-02-12,1280452
MNST,Monster Beverage,Consumer Staples,Soft Drinks & Non-alcoholic Beverages,2012-06-28,865752
MCO,Moody's Corporation,Financials,Financial Exchanges & Data,1998-07-01,1059556
MS,Morgan Stanley,Financials,Investment Banking & Brokerage,1993-07-29,895421
MOS,Mosaic Company (The),Materials,Fertilizers & Agricultural Chemicals,2011-09-26,1285785
MSI,Motorola Solutions,Information Technology,Communications Equipment,1957-03-04,68505
MSCI,MSCI,Financials,Financial Exchanges & Data,2018-04-04,1408198
NDAQ,"Nasdaq, Inc.",Financials,Financial Exchanges & Data,2008-10-22,1120193
NTAP,NetApp,Information Technology,"Technology Hardware, Storage & Peripherals",1999-06-25,1002047
NFLX,Netflix,Communication Services,Movies & Entertainment,2010-12-20,1065280
NEM,Newmont,Materials,Gold,1969-06-30,1164727
NWSA,News Corp (Class A),Communication Services,Publishing,2013-08-01,1564708
NWS,News Corp (Class B),Communication Services,Publishing,2015-09-18,1564708
NEE,NextEra Energy,Utilities,Multi-Utilities,1976-06-30,753308
NKE,"Nike, Inc.",Consumer Discretionary,"Apparel, Accessories & Luxury Goods",1988-11-30,320187
NI,NiSource,Utilities,Multi-Utilities,2000-11-02,1111711
NDSN,Nordson Corporation,Industrials,Industrial Machinery & Supplies & Components,2022-02-15,72331
NSC,Norfolk Southern,Industrials,Rail Transportation,1957-03-04,702165
NTRS,Northern Trust,Financials,Asset Management & Custody Banks,1998-01-30,73124
NOC,Northrop Grumman,Industrials,Aerospace & Defense,1957-03-04,1133421
NCLH,Norwegian Cruise Line Holdings,Consumer Discretionary,"Hotels, Resorts & Cruise Lines",2017-10-13,1513761
NRG,NRG Energy,Utilities,Independent Power Producers & Energy Traders,2010-01-29,1013871
NUE,Nucor,Materials,Steel,1985-04-30,73309
NVDA,Nvidia,Information Technology,Semiconductors,2001-11-30,1045810
NVR,"NVR, Inc.",Consumer Discretionary,Homebuilding,2019-09-26,906163
NXPI,NXP Semiconductors,Information Technology,Semiconductors,2021-03-22,1413447
ORLY,O'Reilly Automotive,Consumer Discretionary,Automotive Retail,2009-03-27,898173
OXY,Occidental Petroleum,Energy,Oil & Gas Exploration & Production,1957-03-04,797468
ODFL,Old Dominion,Industrials,Cargo Ground Transportation,2019-12-09,878927
OMC,Omnicom Group,Communication Services,Advertising,1997-12-31,29989
ON,ON Semiconductor,Information Technology,Semiconductors,2022-06-21,1097864
OKE,Oneok,Energy,Oil & Gas Storage & Transportation,2010-03-15,1039684
ORCL,Oracle Corporation,Information Technology,Application Software,1989-08-31,1341439
OTIS,Otis Worldwide,Industrials,Industrial Machinery & Supplies & Components,2020-04-03,1781335
PCAR,Paccar,Industrials,Construction Machinery & Heavy Transportation Equipment,1980-12-31,75362
PKG,Packaging Corporation of America,Materials,Paper & Plastic Packaging Products & Materials,2017-07-26,75677
PLTR,Palantir Technologies,Information Technology,Application Software,2024-09-23,1321655
PANW,Palo Alto Networks,Information Technology,Systems Software,2023-06-20,1327567
PSKY,Paramount Skydance Corporation,Communication Services,Movies & Entertainment,1994-09-30,2041610
PH,Parker Hannifin,Industrials,Industrial Machinery & Supplies & Components,1985-11-30,76334
PAYX,Paychex,Industrials,Human Resource & Employment Services,1998-10-01,723531
PYPL,PayPal,Financials,Transaction & Payment Processing Services,2015-07-20,1633917
PNR,Pentair,Industrials,Industrial Machinery & Supplies & Components,2012-10-01,77360
PEP,PepsiCo,Consumer Staples,Soft Drinks & Non-alcoholic Beverages,1957-03-04,77476
PFE,Pfizer,Health Care,Pharmaceuticals,1957-03-04,78003
PCG,PG&E Corporation,Utilities,Multi-Utilities,2022-10-03,1004980
PM,Philip Morris International,Consumer Staples,Tobacco,2008-03-31,1413329
PSX,Phillips 66,Energy,Oil & Gas Refining & Marketing,2012-05-01,1534701
PNW,Pinnacle West Capital,Utilities,Multi-Utilities,1999-10-04,764622
PNC,PNC Financial Services,Financials,Diversified Banks,1988-04-30,713676
PPG,PPG Industries,Materials,Specialty Chemicals,1957-03-04,79879
PPL,PPL Corporation,Utilities,Electric Utilities,2001-10-01,922224
PFG,Principal Financial Group,Financials,Life & Health Insurance,2002-07-22,1126328
PG,Procter & Gamble,Consumer Staples,Personal Care Products,1957-03-04,80424
PGR,Progressive Corporation,Financials,Property & Casualty Insurance,1997-08-04,80661
PLD,Prologis,Real Estate,Industrial REITs,2003-07-17,1045609
PRU,Prudential Financial,Financials,Life & Health Insurance,2002-07-22,1137774
PEG,Public Service Enterprise Group,Utilities,Electric Utilities,1957-03-04,788784
PTC,PTC Inc.,Information Technology,Application Software,2021-04-20,857005
PSA,Public Storage,Real Estate,Self-Storage REITs,2005-08-19,1393311
PHM,PulteGroup,Consumer Discretionary,Homebuilding,1984-04-30,822416
PWR,Quanta Services,Industrials,Construction & Engineering,2009-07-01,1050915
QCOM,Qualcomm,Information Technology,Semiconductors,1999-07-22,804328
DGX,Quest Diagnostics,Health Care,Health Care Services,2002-12-12,1022079
Q,Qnity Electronics,Information Technology,Semiconductor Materials & Equipment,2025-11-03,2058873
RL,Ralph Lauren Corporation,Consumer Discretionary,"Apparel, Accessories & Luxury Goods",2007-02-02,1037038
RJF,Raymond James Financial,Financials,Investment Banking & Brokerage,2017-03-20,720005
RDDT,Reddit,Communication Services,Interactive Media & Services,2026-08-18,1713445
RTX,RTX Corporation,Industrials,Aerospace & Defense,1957-03-04,101829
O,Realty Income,Real Estate,Retail REITs,2015-04-07,726728
REG,Regency Centers,Real Estate,Retail REITs,2017-03-02,910606
REGN,Regeneron Pharmaceuticals,Health Care,Biotechnology,2013-05-01,872589
RF,Regions Financial Corporation,Financials,Regional Banks,1998-08-28,1281761
RSG,Republic Services,Industrials,Environmental & Facilities Services,2008-12-05,1060391
RMD,ResMed|,Health Care,Health Care Equipment,2017-07-26,943819
RVTY,Revvity,Health Care,Health Care Equipment,1985-05-31,31791
HOOD,Robinhood Markets,Financials,Investment Banking & Brokerage,2025-09-22,1783879
ROK,Rockwell Automation,Industrials,Electrical Components & Equipment,2000-03-12,1024478
ROL,"Rollins, Inc.",Industrials,Environmental & Facilities Services,2018-10-01,84839
ROP,Roper Technologies,Information Technology,Electronic Equipment & Instruments,2009-12-23,882835
ROST,Ross Stores,Consumer Discretionary,Apparel Retail,2009-12-21,745732
RCL,Royal Caribbean Group,Consumer Discretionary,"Hotels, Resorts & Cruise Lines",2014-12-05,884887
SPGI,S&P Global,Financials,Financial Exchanges & Data,1957-03-04,64040
CRM,Salesforce,Information Technology,Application Software,2008-09-15,1108524
SNDK,Sandisk,Information Technology,"Technology Hardware, Storage & Peripherals",2025-11-28,2023554
SBAC,SBA Communications,Real Estate,Telecom Tower REITs,2017-09-01,1034054
SLB,Schlumberger,Energy,Oil & Gas Equipment & Services,1957-03-04,87347
STX,Seagate Technology,Information Technology,"Technology Hardware, Storage & Peripherals",2012-07-02,1137789
SRE,Sempra,Utilities,Multi-Utilities,2017-03-17,1032208
NOW,ServiceNow,Information Technology,Systems Software,2019-11-21,1373715
SHW,Sherwin-Williams,Materials,Specialty Chemicals,1964-06-30,89800
SPG,Simon Property Group,Real Estate,Retail REITs,2002-06-26,1063761
SWKS,Skyworks Solutions,Information Technology,Semiconductors,2015-03-12,4127
SJM,J.M. Smucker Company (The),Consumer Staples,Packaged Foods & Meats,2008-11-06,91419
SW,Smurfit Westrock,Materials,Paper & Plastic Packaging Products & Materials,2024-07-08,2005951
SNA,Snap-on,Industrials,Industrial Machinery & Supplies & Components,1982-09-30,91440
SOLV,Solventum,Health Care,Health Care Technology,2024-04-01,1964738
SO,Southern Company,Utilities,Electric Utilities,1957-03-04,92122
LUV,Southwest Airlines,Industrials,Passenger Airlines,1994-07-01,92380
SWK,Stanley Black & Decker,Industrials,Industrial Machinery & Supplies & Components,1982-09-30,93556
SBUX,Starbucks,Consumer Discretionary,Restaurants,2000-06-07,829224
STT,State Street Corporation,Financials,Asset Management & Custody Banks,2003-03-14,93751
STLD,Steel Dynamics,Materials,Steel,2022-12-22,1022671
STE,Steris,Health Care,Health Care Equipment,2019-12-23,1757898
SYK,Stryker Corporation,Health Care,Health Care Equipment,2000-12-12,310764
SMCI,Supermicro,Information Technology,"Technology Hardware, Storage & Peripherals",2024-03-18,1375365
SYF,Synchrony Financial,Financials,Consumer Finance,2015-11-18,1601712
SNPS,Synopsys,Information Technology,Application Software,2017-03-16,883241
SYY,Sysco,Consumer Staples,Food Distributors,1986-12-31,96021
TMUS,T-Mobile US,Communication Services,Wireless Telecommunication Services,2019-07-15,1283699
TROW,T. Rowe Price,Financials,Asset Management & Custody Banks,2019-07-29,1113169
TTWO,Take-Two Interactive,Communication Services,Interactive Home Entertainment,2018-03-19,946581
TPR,"Tapestry, Inc.",Consumer Discretionary,"Apparel, Accessories & Luxury Goods",2004-09-01,1116132
TRGP,Targa Resources,Energy,Oil & Gas Storage & Transportation,2022-10-12,1389170
TGT,Target Corporation,Consumer Staples,Consumer Staples Merchandise Retail,1976-12-31,27419
TEL,TE Connectivity,Information Technology,Electronic Manufacturing Services,2011-10-17,1385157
TDY,Teledyne Technologies,Information Technology,Electronic Equipment & Instruments,2020-06-22,1094285
TER,Teradyne,Information Technology,Semiconductor Materials & Equipment,2020-09-21,97210
TSLA,"Tesla, Inc.",Consumer Discretionary,Automobile Manufacturers,2020-12-21,1318605
TXN,Texas Instruments,Information Technology,Semiconductors,2001-03-12,97476
TPL,Texas Pacific Land Corporation,Energy,Oil & Gas Exploration & Production,2024-11-26,1811074
TXT,Textron,Industrials,Aerospace & Defense,1978-12-31,217346
TMO,Thermo Fisher Scientific,Health Care,Life Sciences Tools & Services,2004-08-03,97745
TJX,TJX Companies,Consumer Discretionary,Apparel Retail,1985-09-30,109198
TKO,TKO Group Holdings,Communication Services,Movies & Entertainment,2025-03-24,1973266
TSCO,Tractor Supply,Consumer Discretionary,Other Specialty Retail,2014-01-24,916365
TT,Trane Technologies,Industrials,Building Products,2010-11-17,1466258
TDG,TransDigm Group,Industrials,Aerospace & Defense,2016-06-03,1260221
TRV,Travelers Companies (The),Financials,Property & Casualty Insurance,2002-08-21,86312
TRMB,Trimble Inc.,Information Technology,Application Software,2021-01-21,864749
TFC,Truist Financial,Financials,Diversified Banks,1997-12-04,92230
TYL,Tyler Technologies,Information Technology,Application Software,2020-06-22,860731
TSN,Tyson Foods,Consumer Staples,Packaged Foods & Meats,2005-08-10,100493
USB,U.S. Bancorp,Financials,Diversified Banks,1999-11-01,36104
UBER,Uber,Industrials,Passenger Ground Transportation,2023-12-18,1543151
UDR,"UDR, Inc.",Real Estate,Multi-Family Residential REITs,2016-03-07,74208
ULTA,Ulta Beauty,Consumer Discretionary,Other Specialty Retail,2016-04-18,1403568
UNP,Union Pacific Corporation,Industrials,Rail Transportation,1957-03-04,100885
UAL,United Airlines Holdings,Industrials,Passenger Airlines,2015-09-03,100517
UPS,United Parcel Service,Industrials,Air Freight & Logistics,2002-07-22,1090727
URI,United Rentals,Industrials,Trading Companies & Distributors,2014-09-20,1067701
UNH,UnitedHealth Group,Health Care,Managed Health Care,1994-07-01,731766
UHS,Universal Health Services,Health Care,Health Care Facilities,2014-09-20,352915
VLO,Valero Energy,Energy,Oil & Gas Refining & Marketing,2002-12-20,1035002
VEEV,Veeva Systems,Health Care,Health Care Technology,2026-05-07,1393052
VTR,Ventas,Real Estate,Health Care REITs,2009-03-04,740260
VLTO,Veralto,Industrials,Environmental & Facilities Services,2023-10-02,1967680
VRSN,Verisign,Information Technology,Internet Services & Infrastructure,2006-02-01,1014473
VRSK,Verisk Analytics,Industrials,Research & Consulting Services,2015-10-08,1442145
VZ,Verizon,Communication Services,Integrated Telecommunication Services,1983-11-30,732712
VRTX,Vertex Pharmaceuticals,Health Care,Biotechnology,2013-09-23,875320
VRT,Vertiv,Industrials,Electrical Components & Equipment,2026-03-23,1674101
VTRS,Viatris,Health Care,Pharmaceuticals,2004-04-23,1792044
VICI,Vici Properties,Real Estate,Hotel & Resort REITs,2022-06-08,1705696
V,Visa Inc.,Financials,Transaction & Payment Processing Services,2009-12-21,1403161
VST,Vistra Corp.,Utilities,Electric Utilities,2024-05-08,1692819
VMRK,Vivmark Residential,Real Estate,Multi-Family Residential REITs,2001-12-03,906107
VMC,Vulcan Materials Company,Materials,Construction Materials,1999-06-30,1396009
WRB,W. R. Berkley Corporation,Financials,Property & Casualty Insurance,2019-12-05,11544
GWW,W. W. Grainger,Industrials,Industrial Machinery & Supplies & Components,1981-06-30,277135
WAB,Wabtec,Industrials,Construction Machinery & Heavy Transportation Equipment,2019-02-27,943452
WMT,Walmart,Consumer Staples,Consumer Staples Merchandise Retail,1982-08-31,104169
DIS,Walt Disney Company (The),Communication Services,Movies & Entertainment,1976-06-30,1744489
WBD,Warner Bros. Discovery,Communication Services,Broadcasting,2022-04-11,1437107
WM,Waste Management,Industrials,Environmental & Facilities Services,1998-08-31,823768
WAT,Waters Corporation,Health Care,Life Sciences Tools & Services,2002-01-02,1000697
WEC,WEC Energy Group,Utilities,Electric Utilities,2008-10-31,783325
WFC,Wells Fargo,Financials,Diversified Banks,1976-06-30,72971
WELL,Welltower,Real Estate,Health Care REITs,2009-01-30,766704
WST,West Pharmaceutical Services,Health Care,Health Care Supplies,2020-05-22,105770
WDC,Western Digital,Information Technology,"Technology Hardware, Storage & Peripherals",2009-07-01,106040
WY,Weyerhaeuser,Real Estate,Timber REITs,1979-10-01,106535
WSM,"Williams-Sonoma, Inc.",Consumer Discretionary,Homefurnishing Retail,2025-03-24,719955
WMB,Williams Companies,Energy,Oil & Gas Storage & Transportation,1975-03-31,107263
WTW,Willis Towers Watson,Financials,Insurance Brokers,2016-01-05,1140536
WDAY,"Workday, Inc.",Information Technology,Application Software,2024-12-23,1327811
WYNN,Wynn Resorts,Consumer Discretionary,Casinos & Gaming,2008-11-14,1174922
XEL,Xcel Energy,Utilities,Multi-Utilities,1957-03-04,72903
XYL,Xylem Inc.,Industrials,Industrial Machinery & Supplies & Components,2011-11-01,1524472
YUM,Yum! Brands,Consumer Discretionary,Restaurants,1997-10-06,1041061
ZBRA,Zebra Technologies,Information Technology,Electronic Equipment & Instruments,2019-12-23,877212
ZBH,Zimmer Biomet,Health Care,Health Care Equipment,2001-08-07,1136869
ZTS,Zoetis,Health Care,Pharmaceuticals,2013-06-21,1555280
