date,symbol,score,label,mfi,cmf,provenance
2026-10-02,AAPL,28.9,Neutral,70.26,0.0575,pages@2026-10-04T22:17Z
2026-10-02,AMZN,1.7,Neutral,51.54,-0.0019,pages@2026-10-04T22:17Z
2026-10-02,BAC,-45.1,Outflow,24.2,-0.1767,pages@2026-10-04T22:17Z
2026-10-02,F,-58.9,Outflow,20.6,-0.2953,pages@2026-10-04T22:17Z
2026-10-02,INTC,41.3,Inflow,75.51,0.1332,pages@2026-10-04T22:17Z
2026-10-02,MDT,-41.2,Outflow,27.7,-0.1802,pages@2026-10-04T22:17Z
2026-10-02,NFLX,-59.6,Outflow,18.3,-0.269,pages@2026-10-04T22:17Z
2026-10-02,NKE,-41.2,Outflow,22.25,-0.0992,pages@2026-10-04T22:17Z
2026-10-02,NVDA,21.5,Neutral,82.37,-0.2167,pages@2026-10-04T22:17Z
2026-10-02,ORCL,-12.4,Neutral,54.63,-0.2242,pages@2026-10-04T22:17Z
2026-10-02,PFE,16.1,Neutral,55.53,0.1184,pages@2026-10-04T22:17Z
2026-10-02,SMCI,12.5,Neutral,58.34,0.0315,pages@2026-10-04T22:17Z
2026-10-02,T,-45.9,Outflow,28.89,-0.257,pages@2026-10-04T22:17Z
2026-10-02,TSLA,-16,Neutral,49.44,-0.1917,pages@2026-10-04T22:17Z
2026-10-02,WBD,53.9,Inflow,69.99,0.3743,pages@2026-10-04T22:17Z
