date,countries,level_1,level_2,level_3,level_4,source,provenance
2026-06-23,225,88,87,27,23,,r2@2026-06-23
2026-06-24,225,88,87,27,23,,r2@2026-06-24
2026-06-25,225,88,87,27,23,,r2@2026-06-25
2026-06-26,225,88,87,27,23,,r2@2026-06-26
2026-06-27,225,88,87,27,23,,r2@2026-06-27
2026-06-28,225,88,87,27,23,,r2@2026-06-28
2026-06-29,225,88,87,27,23,,r2@2026-06-29
2026-06-30,225,88,87,27,23,,r2@2026-06-30
2026-07-01,225,88,87,27,23,,r2@2026-07-01
2026-07-02,225,88,87,27,23,,r2@2026-07-02
2026-07-03,225,88,87,27,23,,r2@2026-07-03
2026-07-04,225,88,87,27,23,,r2@2026-07-04
2026-07-05,225,88,87,27,23,,r2@2026-07-05
2026-07-06,225,88,87,27,23,,r2@2026-07-06
2026-07-07,225,89,86,27,23,,r2@2026-07-07
2026-07-08,225,89,86,27,23,,r2@2026-07-08
2026-07-09,225,89,86,27,23,,r2@2026-07-09
2026-07-10,225,88,87,27,23,,r2@2026-07-10
2026-07-11,225,88,87,27,23,,r2@2026-07-11
2026-07-12,225,88,87,27,23,,r2@2026-07-12
2026-07-13,225,88,87,27,23,,r2@2026-07-13
2026-08-02,211,81,80,27,23,rss-fallback,r2@2026-08-02
2026-08-03,211,81,81,26,23,rss-fallback,r2@2026-08-03
2026-08-04,212,81,81,26,24,rss-fallback,r2@2026-08-04
2026-08-05,212,81,81,26,24,rss-fallback,r2@2026-08-05
2026-08-06,212,81,81,26,24,rss-fallback,r2@2026-08-06
2026-08-07,212,81,81,26,24,rss-fallback,r2@2026-08-07
2026-08-08,212,81,81,26,24,rss-fallback,r2@2026-08-08
2026-08-09,212,81,81,26,24,rss-fallback,r2@2026-08-09
2026-08-10,212,81,81,26,24,rss-fallback,r2@2026-08-10
2026-08-11,209,81,80,26,22,rss-fallback,r2@2026-08-11
2026-08-12,210,81,81,26,22,rss-fallback,r2@2026-08-12
2026-08-13,210,81,81,26,22,rss-fallback,r2@2026-08-13
2026-08-14,208,80,80,26,22,rss-fallback,r2@2026-08-14
2026-08-15,211,80,82,26,23,rss-fallback,r2@2026-08-15
2026-08-16,209,81,80,26,22,rss-fallback,r2@2026-08-16
2026-08-17,209,80,81,26,22,rss-fallback,r2@2026-08-17
2026-08-18,210,81,80,27,22,rss-fallback,r2@2026-08-18
2026-08-22,211,81,81,26,23,rss-fallback,r2@2026-08-22
2026-08-23,213,83,81,26,23,rss-fallback,r2@2026-08-23
2026-08-24,211,83,80,26,22,rss-fallback,r2@2026-08-24
2026-08-25,213,84,80,27,22,rss-fallback,r2@2026-08-25
2026-08-26,215,84,81,28,22,rss-fallback,r2@2026-08-26
2026-08-27,215,84,81,28,22,rss-fallback,r2@2026-08-27
2026-08-28,214,81,81,28,24,rss-fallback,r2@2026-08-28
2026-08-29,215,84,81,28,22,rss-fallback,r2@2026-08-29
2026-08-30,214,81,81,28,24,rss-fallback,r2@2026-08-30
2026-08-31,216,85,80,28,23,rss-fallback,r2@2026-08-31
2026-09-01,214,82,81,28,23,rss-fallback,r2@2026-09-01
2026-09-02,216,84,80,28,24,rss-fallback,r2@2026-09-02
2026-09-03,214,81,81,28,24,rss-fallback,r2@2026-09-03
2026-09-04,213,84,79,28,22,rss-fallback,r2@2026-09-04
2026-09-05,214,84,79,29,22,rss-fallback,r2@2026-09-05
2026-09-06,214,81,81,28,24,rss-fallback,r2@2026-09-06
2026-09-07,215,84,80,29,22,rss-fallback,r2@2026-09-07
2026-09-08,214,83,80,29,22,rss-fallback,r2@2026-09-08
2026-09-09,217,83,82,28,24,rss-fallback,r2@2026-09-09
2026-09-10,212,82,79,28,23,rss-fallback,r2@2026-09-10
2026-09-11,213,82,81,28,22,rss-fallback,r2@2026-09-11
2026-09-12,214,81,81,28,24,rss-fallback,r2@2026-09-12
2026-09-13,213,82,80,28,23,rss-fallback,r2@2026-09-13
2026-09-14,216,83,81,28,24,rss-fallback,r2@2026-09-14
2026-09-15,214,83,81,28,22,rss-fallback,r2@2026-09-15
2026-09-16,214,83,80,29,22,rss-fallback,r2@2026-09-16
2026-09-17,215,83,80,29,23,rss-fallback,r2@2026-09-17
2026-09-18,214,81,81,28,24,rss-fallback,r2@2026-09-18
2026-09-19,212,83,79,28,22,rss-fallback,r2@2026-09-19
2026-09-20,214,83,80,28,23,rss-fallback,r2@2026-09-20
2026-09-21,214,83,80,29,22,rss-fallback,r2@2026-09-21
2026-09-22,217,83,81,29,24,rss-fallback,r2@2026-09-22
2026-09-23,215,83,80,29,23,rss-fallback,r2@2026-09-23
2026-09-24,214,81,80,29,24,rss-fallback,r2@2026-09-24
2026-09-25,214,81,81,28,24,rss-fallback,r2@2026-09-25
2026-09-26,214,81,80,29,24,rss-fallback,r2@2026-09-26
2026-09-27,214,82,80,29,23,rss-fallback,r2@2026-09-27
2026-09-28,214,82,80,29,23,rss-fallback,r2@2026-09-28
2026-09-29,215,83,80,29,23,rss-fallback,r2@2026-09-29
2026-09-30,215,83,81,28,23,rss-fallback,r2@2026-09-30
2026-10-01,216,83,80,29,24,rss-fallback,r2@2026-10-01
2026-10-02,214,82,80,29,23,rss-fallback,r2@2026-10-02
2026-10-03,215,83,81,28,23,rss-fallback,r2@2026-10-03
2026-10-04,214,82,80,29,23,rss-fallback,pages@2026-10-04T22:17Z
2026-10-05,217,83,83,27,24,rss-fallback,
2026-10-06,216,83,82,27,24,rss-fallback,
