ticker,calc_date,lthcs_score,band,confidence_level,adoption_momentum,institutional_confidence,financial_evolution,thesis_integrity,des,dropped_pillars,data_quality_flags,drift_1d,drift_7d,drift_30d,drift_90d,sector,maturity_stage
AAPL,2026-09-27,54.6,weakening,medium,63.4,71.8,50.0,55.0,41.1,thesis_integrity,sec_unavailable;thesis_unavailable,6.3,-3.0,-1.8,-0.4,Technology,mature_compounder
ABBV,2026-09-27,51.8,weakening,medium,37.6,87.9,50.0,50.0,39.5,thesis_integrity,sec_unavailable;thesis_unavailable,9.5,-3.1,-3.1,-4.1,Health Care,mature_compounder
ABNB,2026-09-27,48.6,review,medium,36.9,78.0,50.0,55.0,40.7,thesis_integrity,sec_unavailable;thesis_unavailable,7.0,-1.2,-11.0,-6.4,Consumer Discretionary,standard_compounder
ABT,2026-09-27,51.6,weakening,medium,42.7,84.1,50.0,50.0,39.5,thesis_integrity,sec_unavailable;thesis_unavailable,6.5,-3.8,-1.5,14.3,Health Care,standard_compounder
ACN,2026-09-27,41.4,review,medium,39.8,45.3,50.0,50.0,41.1,thesis_integrity,sec_unavailable;thesis_unavailable,-1.3,-4.9,3.3,2.4,Technology,standard_compounder
ADBE,2026-09-27,38.1,review,medium,50.0,19.4,50.0,50.0,41.1,thesis_integrity,sec_unavailable;thesis_unavailable,-6.7,-7.6,-15.6,0.6,Technology,mature_compounder
ADI,2026-09-27,37.5,review,medium,42.3,26.4,50.0,55.0,41.1,thesis_integrity,sec_unavailable;thesis_unavailable,-5.1,2.1,-2.5,-16.6,Technology,standard_compounder
ADP,2026-09-27,51.8,weakening,medium,36.3,82.2,50.0,50.0,46.7,thesis_integrity,sec_unavailable;thesis_unavailable,8.0,-4.4,-10.3,4.0,Industrials,mature_compounder
ADSK,2026-09-27,31.8,review,medium,35.2,12.7,50.0,55.0,41.1,thesis_integrity,sec_unavailable;thesis_unavailable,-9.8,-8.3,-16.5,-9.6,Technology,standard_compounder
AEP,2026-09-27,34.1,review,medium,41.4,26.2,50.0,45.0,29.1,thesis_integrity,sec_unavailable;thesis_unavailable,-6.2,-1.8,-4.8,-18.4,Utilities,standard_compounder
AMAT,2026-09-27,50.6,weakening,medium,38.8,75.5,50.0,55.0,46.0,thesis_integrity,sec_unavailable;thesis_unavailable,7.1,7.6,-0.5,-9.5,Technology,mature_compounder
AMD,2026-09-27,57.1,weakening,medium,57.7,92.8,50.0,55.0,46.0,thesis_integrity,sec_unavailable;thesis_unavailable,8.7,-4.0,-5.4,-3.9,Technology,growth_compounder
AMGN,2026-09-27,50.3,weakening,medium,37.2,85.8,50.0,58.8,39.5,thesis_integrity,sec_unavailable;thesis_unavailable,9.6,-0.9,-2.7,7.5,Health Care,standard_compounder
AMT,2026-09-27,43.6,review,medium,64.0,39.1,50.0,58.8,25.9,thesis_integrity,sec_unavailable;thesis_unavailable,-4.0,2.9,5.2,0.4,Real Estate,standard_compounder
AMZN,2026-09-27,43.0,review,medium,59.3,29.9,50.0,58.8,40.7,thesis_integrity,sec_unavailable;thesis_unavailable,-4.8,-2.6,-7.3,-14.0,Consumer Discretionary,mature_compounder
ANET,2026-09-27,57.0,weakening,medium,50.0,94.9,50.0,58.8,41.1,thesis_integrity,sec_unavailable;thesis_unavailable,11.2,-2.7,0.9,0.0,Technology,growth_compounder
APH,2026-09-27,55.5,weakening,medium,50.0,89.0,50.0,58.8,41.1,thesis_integrity,sec_unavailable;thesis_unavailable,10.7,-1.4,8.0,1.4,Technology,standard_compounder
ARM,2026-09-27,53.9,weakening,medium,54.9,88.4,50.0,58.8,41.1,thesis_integrity,sec_unavailable;thesis_unavailable,8.3,3.2,2.7,-2.7,Technology,growth_compounder
ASML,2026-09-27,51.0,weakening,medium,43.3,79.4,50.0,55.0,41.1,thesis_integrity,sec_unavailable;thesis_unavailable,7.2,1.8,0.4,-7.5,Technology,standard_compounder
AVGO,2026-09-27,35.1,review,medium,50.0,2.5,50.0,50.0,46.0,thesis_integrity,sec_unavailable;thesis_unavailable,-10.9,-3.1,-5.0,-19.4,Technology,mature_compounder
AXP,2026-09-27,50.8,weakening,medium,48.1,34.7,50.0,50.0,78.2,thesis_integrity,sec_unavailable;thesis_unavailable,-2.2,-0.6,4.5,0.9,Financials,mature_compounder
AZN,2026-09-27,33.5,review,medium,38.2,17.1,50.0,55.0,39.5,thesis_integrity,sec_unavailable;thesis_unavailable,-7.5,-4.8,1.2,-8.3,Health Care,standard_compounder
BA,2026-09-27,42.3,review,medium,50.0,22.8,50.0,41.2,46.7,thesis_integrity,sec_unavailable;thesis_unavailable,-6.0,-0.8,-2.5,-3.0,Industrials,recovery_stabilization
BAC,2026-09-27,59.2,weakening,medium,48.7,68.0,50.0,55.0,78.2,thesis_integrity,sec_unavailable;thesis_unavailable,5.4,-4.0,1.4,1.7,Financials,mature_compounder
BIIB,2026-09-27,55.9,weakening,medium,59.9,79.9,50.0,58.8,39.5,thesis_integrity,sec_unavailable;thesis_unavailable,7.6,0.7,-1.3,1.6,Health Care,standard_compounder
BKNG,2026-09-27,48.7,review,medium,56.4,54.0,50.0,55.0,40.7,thesis_integrity,sec_unavailable;thesis_unavailable,2.1,-5.2,0.2,-3.6,Consumer Discretionary,standard_compounder
BKR,2026-09-27,41.7,review,medium,58.9,14.5,50.0,58.8,49.1,thesis_integrity,sec_unavailable;thesis_unavailable,-8.7,-2.6,-4.8,-2.0,Energy,standard_compounder
BLK,2026-09-27,55.8,weakening,medium,57.0,44.1,50.0,55.0,78.2,thesis_integrity,sec_unavailable;thesis_unavailable,-0.2,2.5,-1.1,11.3,Financials,standard_compounder
BMY,2026-09-27,46.5,review,medium,40.4,66.4,50.0,58.8,39.5,thesis_integrity,sec_unavailable;thesis_unavailable,3.9,-6.5,-7.2,-0.7,Health Care,standard_compounder
BRK.B,2026-09-27,55.8,weakening,medium,51.9,51.2,50.0,58.8,78.2,thesis_integrity,sec_unavailable;thesis_unavailable,1.2,-4.5,2.8,4.8,Financials,mature_compounder
BSX,2026-09-27,35.7,review,medium,50.0,11.3,50.0,55.0,39.5,thesis_integrity,sec_unavailable;thesis_unavailable,-11.7,-3.7,-3.0,-2.7,Health Care,standard_compounder
BX,2026-09-27,54.5,weakening,medium,50.0,47.9,50.0,58.8,78.2,thesis_integrity,sec_unavailable;thesis_unavailable,0.2,-0.6,-2.3,10.1,Financials,financial
C,2026-09-27,60.5,monitor,medium,63.7,58.0,50.0,58.8,78.2,thesis_integrity,sec_unavailable;thesis_unavailable,3.5,6.5,15.1,-0.1,Financials,mature_compounder
CAT,2026-09-27,45.4,review,medium,61.8,28.2,50.0,58.8,46.7,thesis_integrity,sec_unavailable;thesis_unavailable,-4.4,6.1,-0.2,-13.7,Industrials,standard_compounder
CB,2026-09-27,54.2,weakening,medium,50.0,46.5,50.0,55.0,78.2,thesis_integrity,sec_unavailable;thesis_unavailable,-0.1,-2.8,4.0,0.4,Financials,financial
CCEP,2026-09-27,49.1,review,medium,50.0,63.6,50.0,41.2,41.0,thesis_integrity,sec_unavailable;thesis_unavailable,3.3,-2.2,-1.1,2.3,Consumer Staples,standard_compounder
CDNS,2026-09-27,45.1,review,medium,64.4,29.4,50.0,50.0,41.1,thesis_integrity,sec_unavailable;thesis_unavailable,-5.1,6.0,-3.1,-12.7,Technology,standard_compounder
CDW,2026-09-27,60.8,monitor,medium,61.5,95.7,50.0,55.0,41.1,thesis_integrity,sec_unavailable;thesis_unavailable,10.3,-0.3,10.3,4.0,Technology,standard_compounder
CEG,2026-09-27,39.9,review,medium,43.9,46.3,50.0,58.8,29.1,thesis_integrity,sec_unavailable;thesis_unavailable,-1.2,0.9,-5.0,-0.4,Utilities,standard_compounder
CHTR,2026-09-27,33.5,review,medium,47.1,14.2,50.0,55.0,43.6,thesis_integrity,sec_unavailable;thesis_unavailable,-14.6,-5.9,-7.2,-6.3,Communication Services,standard_compounder
CI,2026-09-27,40.4,review,medium,50.0,30.2,50.0,50.0,39.5,thesis_integrity,sec_unavailable;thesis_unavailable,-4.2,-2.2,-2.6,-5.1,Health Care,mature_compounder
CL,2026-09-27,45.6,review,medium,65.0,30.6,50.0,55.0,41.0,thesis_integrity,sec_unavailable;thesis_unavailable,-4.1,-0.7,-2.8,-0.2,Consumer Staples,standard_compounder
CMCSA,2026-09-27,40.9,review,medium,60.9,14.4,50.0,55.0,43.6,thesis_integrity,sec_unavailable;thesis_unavailable,-8.2,-2.9,-0.7,2.8,Communication Services,standard_compounder
CME,2026-09-27,45.0,review,medium,50.0,10.0,50.0,50.0,78.2,thesis_integrity,sec_unavailable;thesis_unavailable,-9.0,-5.9,-1.6,4.0,Financials,financial
CMI,2026-09-27,34.6,review,medium,50.0,-0.2,50.0,45.0,46.7,thesis_integrity,sec_unavailable;thesis_unavailable,-11.8,-3.1,-5.8,-22.4,Industrials,standard_compounder
COF,2026-09-27,59.8,weakening,medium,58.0,58.9,50.0,58.8,78.2,thesis_integrity,sec_unavailable;thesis_unavailable,2.5,-1.4,4.4,9.3,Financials,standard_compounder
COP,2026-09-27,46.2,review,medium,46.2,48.3,50.0,58.8,49.1,thesis_integrity,sec_unavailable;thesis_unavailable,0.5,-9.0,-8.8,0.8,Energy,standard_compounder
COST,2026-09-27,36.4,review,medium,55.4,7.3,50.0,55.0,41.0,thesis_integrity,sec_unavailable;thesis_unavailable,-9.8,-3.1,-2.9,-7.8,Consumer Staples,mature_compounder
CRM,2026-09-27,53.9,weakening,medium,50.0,94.7,50.0,58.8,41.1,thesis_integrity,sec_unavailable;thesis_unavailable,6.9,-3.4,-3.4,12.4,Technology,mature_compounder
CRWD,2026-09-27,51.6,weakening,medium,40.4,95.1,50.0,55.0,41.1,thesis_integrity,sec_unavailable;thesis_unavailable,9.1,-8.9,-9.4,-7.4,Technology,mature_compounder
CSCO,2026-09-27,40.6,review,medium,60.5,18.7,50.0,55.0,41.1,thesis_integrity,sec_unavailable;thesis_unavailable,-7.7,-12.9,-21.3,-19.0,Technology,mature_compounder
CSGP,2026-09-27,38.3,review,medium,50.0,14.5,50.0,58.8,46.7,thesis_integrity,sec_unavailable;thesis_unavailable,-10.5,-5.0,0.2,-1.1,Industrials,standard_compounder
CSX,2026-09-27,48.9,review,medium,50.0,57.0,50.0,55.0,46.7,thesis_integrity,sec_unavailable;thesis_unavailable,0.0,-4.2,-9.4,-10.2,Industrials,mature_compounder
CTAS,2026-09-27,56.7,weakening,medium,62.8,72.2,50.0,50.0,46.7,thesis_integrity,sec_unavailable;thesis_unavailable,6.4,-1.1,-0.7,15.9,Industrials,standard_compounder
CTSH,2026-09-27,48.9,review,medium,45.5,68.2,50.0,50.0,41.1,thesis_integrity,sec_unavailable;thesis_unavailable,4.4,-11.1,0.0,12.2,Technology,standard_compounder
CVS,2026-09-27,40.7,review,medium,54.9,23.6,50.0,58.8,41.0,thesis_integrity,sec_unavailable;thesis_unavailable,-5.6,-3.2,-20.0,-17.4,Consumer Staples,standard_compounder
CVX,2026-09-27,50.9,weakening,medium,57.3,53.5,50.0,55.0,49.1,thesis_integrity,sec_unavailable;thesis_unavailable,1.8,-8.8,-3.6,7.3,Energy,standard_compounder
DASH,2026-09-27,53.4,weakening,medium,56.1,73.4,50.0,50.0,40.7,thesis_integrity,sec_unavailable;thesis_unavailable,7.9,-1.5,-4.2,3.0,Consumer Discretionary,growth_compounder
DDOG,2026-09-27,55.2,weakening,medium,51.9,85.3,50.0,58.8,41.1,thesis_integrity,sec_unavailable;thesis_unavailable,9.8,2.4,-4.0,-4.6,Technology,growth_compounder
DE,2026-09-27,54.1,weakening,medium,45.9,83.0,50.0,55.0,46.7,thesis_integrity,sec_unavailable;thesis_unavailable,8.6,-0.6,6.8,2.3,Industrials,standard_compounder
DHR,2026-09-27,58.2,weakening,medium,61.2,87.5,50.0,55.0,39.5,thesis_integrity,sec_unavailable;thesis_unavailable,10.7,3.0,5.8,16.3,Health Care,standard_compounder
DIS,2026-09-27,47.1,review,medium,50.0,52.8,50.0,58.8,43.6,thesis_integrity,sec_unavailable;thesis_unavailable,0.7,1.6,1.2,4.3,Communication Services,mature_compounder
DUK,2026-09-27,37.0,review,medium,54.1,21.7,50.0,55.0,29.1,thesis_integrity,sec_unavailable;thesis_unavailable,-5.8,-6.1,-5.9,-10.3,Utilities,standard_compounder
DXCM,2026-09-27,54.1,weakening,medium,44.9,91.1,50.0,58.8,39.5,thesis_integrity,sec_unavailable;thesis_unavailable,10.2,-4.7,-5.3,8.7,Health Care,standard_compounder
ECL,2026-09-27,53.3,weakening,medium,50.0,75.6,50.0,50.0,45.5,thesis_integrity,sec_unavailable;thesis_unavailable,5.2,-0.3,4.2,7.3,Materials,mature_compounder
ELV,2026-09-27,43.5,review,medium,50.0,42.6,50.0,58.8,39.5,thesis_integrity,sec_unavailable;thesis_unavailable,-0.4,-6.4,-12.4,-10.0,Health Care,mature_compounder
EMR,2026-09-27,55.1,weakening,medium,51.9,79.2,50.0,50.0,46.7,thesis_integrity,sec_unavailable;thesis_unavailable,8.6,2.7,2.3,10.6,Industrials,standard_compounder
EOG,2026-09-27,44.1,review,medium,50.0,35.3,50.0,50.0,49.1,thesis_integrity,sec_unavailable;thesis_unavailable,-2.7,-8.8,-8.1,-10.0,Energy,standard_compounder
EQIX,2026-09-27,36.9,review,medium,50.0,29.7,50.0,55.0,25.9,thesis_integrity,sec_unavailable;thesis_unavailable,-4.3,-2.7,-4.4,-19.2,Real Estate,standard_compounder
ETN,2026-09-27,53.1,weakening,medium,50.0,73.6,50.0,50.0,46.7,thesis_integrity,sec_unavailable;thesis_unavailable,6.7,5.2,6.4,-0.4,Industrials,standard_compounder
EXC,2026-09-27,32.4,review,medium,35.2,27.1,50.0,45.0,29.1,thesis_integrity,sec_unavailable;thesis_unavailable,-5.7,-10.4,-11.7,-15.3,Utilities,standard_compounder
F,2026-09-27,46.6,review,medium,62.4,38.3,50.0,58.8,40.7,thesis_integrity,sec_unavailable;thesis_unavailable,-2.9,-11.5,-9.8,-2.9,Consumer Discretionary,standard_compounder
FANG,2026-09-27,43.0,review,medium,60.2,18.0,50.0,55.0,49.1,thesis_integrity,sec_unavailable;thesis_unavailable,-6.8,-4.9,-7.8,-8.0,Energy,standard_compounder
FAST,2026-09-27,57.8,weakening,medium,63.1,76.2,50.0,50.0,46.7,thesis_integrity,sec_unavailable;thesis_unavailable,6.6,1.2,4.5,7.4,Industrials,standard_compounder
FCX,2026-09-27,54.8,weakening,medium,50.0,81.8,50.0,58.8,45.5,thesis_integrity,sec_unavailable;thesis_unavailable,7.9,0.1,1.7,5.9,Materials,standard_compounder
FDX,2026-09-27,42.7,review,medium,50.0,32.0,50.0,55.0,46.7,thesis_integrity,sec_unavailable;thesis_unavailable,-3.7,-4.1,-5.2,-9.1,Industrials,mature_compounder
FTNT,2026-09-27,53.4,weakening,medium,38.5,92.1,50.0,58.8,41.1,thesis_integrity,sec_unavailable;thesis_unavailable,10.4,-9.9,-7.5,-6.9,Technology,mature_compounder
GD,2026-09-27,40.2,review,medium,40.4,33.9,50.0,55.0,46.7,thesis_integrity,sec_unavailable;thesis_unavailable,-3.2,-7.2,-13.9,-7.5,Industrials,standard_compounder
GE,2026-09-27,56.9,weakening,medium,62.1,73.8,50.0,55.0,46.7,thesis_integrity,sec_unavailable;thesis_unavailable,6.0,4.4,2.8,0.7,Industrials,recovery_rerating
GEHC,2026-09-27,45.3,review,medium,36.0,67.3,50.0,55.0,39.5,thesis_integrity,sec_unavailable;thesis_unavailable,2.3,-7.1,0.7,4.9,Health Care,standard_compounder
GEV,2026-09-27,41.4,review,medium,50.0,26.8,50.0,41.2,46.7,thesis_integrity,sec_unavailable;thesis_unavailable,-4.8,1.2,-1.0,-17.5,Industrials,growth_compounder
GFS,2026-09-27,31.5,review,medium,41.1,3.9,50.0,55.0,41.1,thesis_integrity,sec_unavailable;thesis_unavailable,-12.2,-0.5,-6.5,-25.8,Technology,standard_compounder
GILD,2026-09-27,47.4,review,medium,35.6,76.0,50.0,55.0,39.5,thesis_integrity,sec_unavailable;thesis_unavailable,7.2,-1.7,-2.5,8.4,Health Care,standard_compounder
GLW,2026-09-27,33.1,review,medium,50.0,11.4,50.0,55.0,41.1,thesis_integrity,sec_unavailable;thesis_unavailable,-11.7,0.7,-3.3,-23.3,Technology,standard_compounder
GM,2026-09-27,53.3,weakening,medium,59.6,68.5,50.0,58.8,40.7,thesis_integrity,sec_unavailable;thesis_unavailable,5.6,3.3,3.8,10.3,Consumer Discretionary,standard_compounder
GOOG,2026-09-27,37.8,review,medium,53.7,9.6,50.0,58.8,46.0,thesis_integrity,sec_unavailable;thesis_unavailable,-9.2,-5.5,-6.7,-18.2,Communication Services,mature_compounder
GOOGL,2026-09-27,37.6,review,medium,53.7,8.7,50.0,58.8,46.0,thesis_integrity,sec_unavailable;thesis_unavailable,-9.4,-6.2,-7.5,-18.6,Communication Services,mature_compounder
GS,2026-09-27,51.5,weakening,medium,46.8,39.0,50.0,58.8,78.2,thesis_integrity,sec_unavailable;thesis_unavailable,-1.8,1.8,-3.8,-6.0,Financials,mature_compounder
HCA,2026-09-27,46.2,review,medium,50.0,53.3,50.0,50.0,39.5,thesis_integrity,sec_unavailable;thesis_unavailable,0.8,0.1,7.5,8.7,Health Care,mature_compounder
HD,2026-09-27,43.9,review,medium,51.9,41.1,50.0,55.0,40.7,thesis_integrity,sec_unavailable;thesis_unavailable,-2.1,1.9,2.0,0.4,Consumer Discretionary,mature_compounder
HLT,2026-09-27,42.9,review,medium,50.0,38.8,50.0,50.0,40.7,thesis_integrity,sec_unavailable;thesis_unavailable,-2.8,-1.4,0.7,-8.4,Consumer Discretionary,standard_compounder
HON,2026-09-27,39.8,review,medium,44.3,27.6,50.0,55.0,46.7,thesis_integrity,sec_unavailable;thesis_unavailable,-5.8,0.3,-1.6,-3.9,Industrials,standard_compounder
HWM,2026-09-27,38.8,review,medium,50.0,16.6,50.0,55.0,46.7,thesis_integrity,sec_unavailable;thesis_unavailable,-7.6,-0.4,-9.0,-14.4,Industrials,growth_compounder
IBM,2026-09-27,43.5,review,medium,43.6,47.5,50.0,50.0,41.1,thesis_integrity,sec_unavailable;thesis_unavailable,-0.1,-2.3,2.4,-8.6,Technology,mature_compounder
ICE,2026-09-27,52.3,weakening,medium,50.0,39.1,50.0,55.0,78.2,thesis_integrity,sec_unavailable;thesis_unavailable,-2.0,0.7,3.9,9.9,Financials,financial
IDXX,2026-09-27,40.8,review,medium,50.0,31.8,50.0,55.0,39.5,thesis_integrity,sec_unavailable;thesis_unavailable,-4.6,2.4,0.5,0.9,Health Care,standard_compounder
ILMN,2026-09-27,50.2,weakening,medium,37.9,96.5,50.0,55.0,39.5,thesis_integrity,sec_unavailable;thesis_unavailable,9.3,-6.6,-9.4,-8.3,Health Care,standard_compounder
INTC,2026-09-27,49.7,review,medium,64.7,69.4,50.0,58.8,41.1,thesis_integrity,sec_unavailable;thesis_unavailable,1.2,10.1,-4.0,-5.2,Technology,recovery_stabilization
INTU,2026-09-27,30.8,review,medium,36.6,3.5,50.0,58.8,41.1,thesis_integrity,sec_unavailable;thesis_unavailable,-12.4,-4.6,-8.9,-4.3,Technology,mature_compounder
ISRG,2026-09-27,35.9,review,medium,39.3,22.9,50.0,58.8,39.5,thesis_integrity,sec_unavailable;thesis_unavailable,-6.9,-4.6,-1.1,-3.2,Health Care,mature_compounder
ITW,2026-09-27,51.0,weakening,medium,50.0,65.4,50.0,50.0,46.7,thesis_integrity,sec_unavailable;thesis_unavailable,3.8,-1.5,2.8,8.1,Industrials,mature_compounder
JCI,2026-09-27,49.7,review,medium,50.0,60.1,50.0,55.0,46.7,thesis_integrity,sec_unavailable;thesis_unavailable,3.3,2.3,3.9,0.9,Industrials,standard_compounder
JNJ,2026-09-27,53.2,weakening,medium,50.0,81.3,50.0,50.0,39.5,thesis_integrity,sec_unavailable;thesis_unavailable,7.8,-3.7,-1.2,1.3,Health Care,mature_compounder
JPM,2026-09-27,60.4,monitor,medium,50.0,71.3,50.0,55.0,78.2,thesis_integrity,sec_unavailable;thesis_unavailable,6.1,-1.8,4.3,4.3,Financials,mature_compounder
KDP,2026-09-27,49.4,review,medium,51.9,62.1,50.0,55.0,41.0,thesis_integrity,sec_unavailable;thesis_unavailable,3.3,0.2,-7.0,-6.9,Consumer Staples,standard_compounder
KHC,2026-09-27,48.0,review,medium,49.0,60.1,50.0,55.0,41.0,thesis_integrity,sec_unavailable;thesis_unavailable,1.5,-4.3,-7.2,-3.3,Consumer Staples,standard_compounder
KKR,2026-09-27,54.5,weakening,medium,50.0,47.7,50.0,58.8,78.2,thesis_integrity,sec_unavailable;thesis_unavailable,-0.5,1.7,1.9,9.7,Financials,financial
KLAC,2026-09-27,48.3,review,medium,50.3,54.9,50.0,55.0,46.0,thesis_integrity,sec_unavailable;thesis_unavailable,2.1,7.9,2.5,-8.7,Technology,growth_compounder
KMI,2026-09-27,40.9,review,medium,50.0,22.4,50.0,58.8,49.1,thesis_integrity,sec_unavailable;thesis_unavailable,-6.9,-6.3,-4.1,-8.7,Energy,standard_compounder
KO,2026-09-27,49.3,review,medium,54.5,59.6,50.0,55.0,41.0,thesis_integrity,sec_unavailable;thesis_unavailable,3.4,-4.7,-5.4,-0.8,Consumer Staples,mature_compounder
LCID,2026-09-27,33.1,review,medium,51.9,6.4,50.0,41.2,40.7,thesis_integrity,sec_unavailable;thesis_unavailable,-14.9,-2.2,-3.0,-2.9,Consumer Discretionary,pre_profit_growth
LIN,2026-09-27,37.2,review,medium,42.0,21.3,50.0,50.0,45.5,thesis_integrity,sec_unavailable;thesis_unavailable,-6.7,-3.1,-5.7,-15.3,Materials,standard_compounder
LLY,2026-09-27,52.7,weakening,medium,49.7,79.7,50.0,58.8,39.5,thesis_integrity,sec_unavailable;thesis_unavailable,8.4,-3.9,-4.4,-4.0,Health Care,growth_compounder
LMT,2026-09-27,47.7,review,medium,58.3,41.6,50.0,58.8,46.7,thesis_integrity,sec_unavailable;thesis_unavailable,-1.8,-6.2,3.4,8.5,Industrials,standard_compounder
LOW,2026-09-27,35.1,review,medium,45.2,13.6,50.0,55.0,40.7,thesis_integrity,sec_unavailable;thesis_unavailable,-9.2,-4.0,-3.6,-3.6,Consumer Discretionary,standard_compounder
LRCX,2026-09-27,50.7,weakening,medium,58.6,66.0,50.0,55.0,46.0,thesis_integrity,sec_unavailable;thesis_unavailable,2.7,3.1,-1.8,-5.3,Technology,growth_compounder
LULU,2026-09-27,35.0,review,medium,56.7,11.0,50.0,58.8,40.7,thesis_integrity,sec_unavailable;thesis_unavailable,-13.5,-5.1,-3.7,-3.3,Consumer Discretionary,standard_compounder
MA,2026-09-27,59.3,weakening,medium,50.0,67.1,50.0,55.0,78.2,thesis_integrity,sec_unavailable;thesis_unavailable,5.0,-1.2,2.0,9.8,Financials,mature_compounder
MAR,2026-09-27,38.3,review,medium,41.7,30.9,50.0,55.0,40.7,thesis_integrity,sec_unavailable;thesis_unavailable,-3.5,-2.4,-1.8,-11.7,Consumer Discretionary,standard_compounder
MCD,2026-09-27,35.0,review,medium,49.4,7.9,50.0,50.0,40.7,thesis_integrity,sec_unavailable;thesis_unavailable,-10.4,-9.7,-4.4,-5.0,Consumer Discretionary,mature_compounder
MCHP,2026-09-27,34.3,review,medium,47.8,6.8,50.0,55.0,41.1,thesis_integrity,sec_unavailable;thesis_unavailable,-10.7,-3.1,-6.3,-20.7,Technology,standard_compounder
MCK,2026-09-27,49.0,review,medium,50.0,64.3,50.0,55.0,39.5,thesis_integrity,sec_unavailable;thesis_unavailable,4.4,-6.6,3.3,11.1,Health Care,mature_compounder
MCO,2026-09-27,56.6,weakening,medium,50.0,56.1,50.0,58.8,78.2,thesis_integrity,sec_unavailable;thesis_unavailable,1.6,-0.1,0.2,4.2,Financials,financial
MDB,2026-09-27,52.5,weakening,medium,51.9,86.4,50.0,58.8,41.1,thesis_integrity,sec_unavailable;thesis_unavailable,6.7,-7.4,-5.1,11.9,Technology,growth_compounder
MDLZ,2026-09-27,40.8,review,medium,46.5,34.4,50.0,55.0,41.0,thesis_integrity,sec_unavailable;thesis_unavailable,-4.2,-6.6,-9.2,-6.7,Consumer Staples,standard_compounder
MDT,2026-09-27,51.5,weakening,medium,47.4,77.6,50.0,55.0,39.5,thesis_integrity,sec_unavailable;thesis_unavailable,6.1,-7.5,2.7,11.9,Health Care,standard_compounder
MELI,2026-09-27,50.2,weakening,medium,48.4,70.0,50.0,55.0,40.7,thesis_integrity,sec_unavailable;thesis_unavailable,3.3,-6.8,1.4,8.6,Consumer Discretionary,growth_compounder
MET,2026-09-27,61.1,monitor,medium,44.6,81.1,50.0,55.0,78.2,thesis_integrity,sec_unavailable;thesis_unavailable,6.8,-2.9,-0.5,3.7,Financials,standard_compounder
META,2026-09-27,56.4,weakening,medium,51.9,85.5,50.0,41.2,46.0,thesis_integrity,sec_unavailable;thesis_unavailable,9.4,2.1,17.2,14.6,Communication Services,mature_compounder
MMM,2026-09-27,53.4,weakening,medium,55.7,69.2,50.0,55.0,46.7,thesis_integrity,sec_unavailable;thesis_unavailable,6.2,-3.6,-3.4,4.9,Industrials,mature_compounder
MNST,2026-09-27,38.9,review,medium,43.0,31.5,50.0,50.0,41.0,thesis_integrity,sec_unavailable;thesis_unavailable,-5.9,-8.5,6.1,-17.0,Consumer Staples,standard_compounder
MO,2026-09-27,41.1,review,medium,50.0,31.6,50.0,50.0,41.0,thesis_integrity,sec_unavailable;thesis_unavailable,-3.9,-7.4,-7.0,-14.0,Consumer Staples,standard_compounder
MPC,2026-09-27,58.8,weakening,medium,50.0,94.2,50.0,58.8,49.1,thesis_integrity,sec_unavailable;thesis_unavailable,11.8,-2.6,-1.7,-0.5,Energy,standard_compounder
MPWR,2026-09-27,38.2,review,medium,50.0,19.8,50.0,58.8,41.1,thesis_integrity,sec_unavailable;thesis_unavailable,-6.6,2.7,-0.1,-12.2,Technology,growth_compounder
MRK,2026-09-27,55.8,weakening,medium,50.0,91.6,50.0,58.8,39.5,thesis_integrity,sec_unavailable;thesis_unavailable,10.4,-2.7,-2.4,2.8,Health Care,mature_compounder
MRVL,2026-09-27,54.0,weakening,medium,50.0,95.1,50.0,50.0,41.1,thesis_integrity,sec_unavailable;thesis_unavailable,9.0,-1.5,-2.7,-3.7,Technology,growth_compounder
MS,2026-09-27,54.8,weakening,medium,50.0,48.9,50.0,58.8,78.2,thesis_integrity,sec_unavailable;thesis_unavailable,0.5,-2.0,-2.2,-6.2,Financials,mature_compounder
MSFT,2026-09-27,54.6,weakening,medium,50.0,80.6,50.0,58.8,46.0,thesis_integrity,sec_unavailable;thesis_unavailable,8.6,-1.7,-1.6,11.8,Technology,mature_compounder
MU,2026-09-27,58.4,weakening,medium,50.0,95.6,50.0,58.8,46.0,thesis_integrity,sec_unavailable;thesis_unavailable,12.2,-0.1,0.4,0.2,Technology,growth_compounder
NEE,2026-09-27,33.1,review,medium,50.0,11.2,50.0,55.0,29.1,thesis_integrity,sec_unavailable;thesis_unavailable,-9.7,-3.9,-5.3,-12.7,Utilities,standard_compounder
NEM,2026-09-27,50.3,weakening,medium,50.0,63.8,50.0,55.0,45.5,thesis_integrity,sec_unavailable;thesis_unavailable,4.2,2.4,-4.3,11.2,Materials,standard_compounder
NFLX,2026-09-27,33.8,review,medium,50.0,-0.3,50.0,50.0,43.6,thesis_integrity,sec_unavailable;thesis_unavailable,-11.6,-4.4,-3.9,-9.8,Communication Services,standard_compounder
NKE,2026-09-27,35.5,review,medium,50.0,9.3,50.0,58.8,40.7,thesis_integrity,sec_unavailable;thesis_unavailable,-10.2,-3.8,-3.5,-1.9,Consumer Discretionary,standard_compounder
NOC,2026-09-27,41.7,review,medium,50.0,28.0,50.0,58.8,46.7,thesis_integrity,sec_unavailable;thesis_unavailable,-5.5,-3.9,2.4,3.3,Industrials,mature_compounder
NOW,2026-09-27,52.1,weakening,medium,50.0,87.2,50.0,55.0,41.1,thesis_integrity,sec_unavailable;thesis_unavailable,7.1,-4.0,-3.4,12.7,Technology,mature_compounder
NSC,2026-09-27,43.8,review,medium,50.0,36.4,50.0,55.0,46.7,thesis_integrity,sec_unavailable;thesis_unavailable,-3.4,-4.5,-11.7,-5.1,Industrials,mature_compounder
NVDA,2026-09-27,45.5,review,medium,50.0,44.1,50.0,55.0,46.0,thesis_integrity,sec_unavailable;thesis_unavailable,-0.3,-1.4,-6.7,-3.7,Technology,growth_compounder
NXPI,2026-09-27,34.7,review,medium,50.0,5.6,50.0,50.0,41.1,thesis_integrity,sec_unavailable;thesis_unavailable,-11.1,-2.1,-11.4,-22.5,Technology,standard_compounder
ODFL,2026-09-27,36.0,review,medium,50.0,5.4,50.0,55.0,46.7,thesis_integrity,sec_unavailable;thesis_unavailable,-10.4,-4.8,-3.8,-19.5,Industrials,standard_compounder
ON,2026-09-27,29.0,review,medium,50.0,-5.1,50.0,55.0,41.1,thesis_integrity,sec_unavailable;thesis_unavailable,-15.3,-5.6,-8.5,-24.7,Technology,standard_compounder
ORCL,2026-09-27,35.1,review,medium,50.0,2.3,50.0,58.8,46.0,thesis_integrity,sec_unavailable;thesis_unavailable,-11.9,-3.0,-4.4,-10.4,Technology,mature_compounder
ORLY,2026-09-27,39.4,review,medium,50.0,25.0,50.0,50.0,40.7,thesis_integrity,sec_unavailable;thesis_unavailable,-5.3,-2.3,-1.6,-6.4,Consumer Discretionary,standard_compounder
PANW,2026-09-27,56.2,weakening,medium,50.0,103.7,50.0,55.0,41.1,thesis_integrity,sec_unavailable;thesis_unavailable,8.7,-3.3,-7.0,-6.2,Technology,mature_compounder
PAYX,2026-09-27,48.9,review,medium,50.0,56.8,50.0,50.0,46.7,thesis_integrity,sec_unavailable;thesis_unavailable,2.5,-9.5,-11.0,-3.8,Industrials,standard_compounder
PCAR,2026-09-27,45.7,review,medium,50.0,43.9,50.0,55.0,46.7,thesis_integrity,sec_unavailable;thesis_unavailable,-1.5,-3.9,0.6,-0.6,Industrials,standard_compounder
PDD,2026-09-27,33.7,review,medium,50.0,2.1,50.0,55.0,40.7,thesis_integrity,sec_unavailable;thesis_unavailable,-11.2,-3.6,-4.1,-3.8,Consumer Discretionary,standard_compounder
PEP,2026-09-27,37.2,review,medium,50.0,15.9,50.0,50.0,41.0,thesis_integrity,sec_unavailable;thesis_unavailable,-8.6,-2.8,-2.3,-3.2,Consumer Staples,mature_compounder
PFE,2026-09-27,51.8,weakening,medium,50.0,75.7,50.0,58.8,39.5,thesis_integrity,sec_unavailable;thesis_unavailable,6.4,-0.2,4.4,10.2,Health Care,mature_compounder
PG,2026-09-27,46.7,review,medium,50.0,53.7,50.0,50.0,41.0,thesis_integrity,sec_unavailable;thesis_unavailable,0.9,-1.0,2.5,1.5,Consumer Staples,mature_compounder
PGR,2026-09-27,53.6,weakening,medium,50.0,44.2,50.0,50.0,78.2,thesis_integrity,sec_unavailable;thesis_unavailable,-0.7,-4.4,0.6,-3.3,Financials,financial
PH,2026-09-27,53.0,weakening,medium,50.0,73.4,50.0,58.8,46.7,thesis_integrity,sec_unavailable;thesis_unavailable,5.8,0.2,6.1,6.0,Industrials,mature_compounder
PLD,2026-09-27,37.3,review,medium,50.0,31.3,50.0,58.8,25.9,thesis_integrity,sec_unavailable;thesis_unavailable,-4.7,-3.2,-5.0,-10.6,Real Estate,standard_compounder
PM,2026-09-27,44.5,review,medium,50.0,44.9,50.0,55.0,41.0,thesis_integrity,sec_unavailable;thesis_unavailable,-1.3,-4.6,-12.3,-4.4,Consumer Staples,standard_compounder
PNC,2026-09-27,56.2,weakening,medium,50.0,54.5,50.0,55.0,78.2,thesis_integrity,sec_unavailable;thesis_unavailable,1.9,-2.8,2.5,0.6,Financials,financial
PSX,2026-09-27,57.8,weakening,medium,50.0,89.9,50.0,58.8,49.1,thesis_integrity,sec_unavailable;thesis_unavailable,11.0,-2.9,-2.0,2.3,Energy,standard_compounder
PWR,2026-09-27,38.2,review,medium,50.0,14.2,50.0,58.8,46.7,thesis_integrity,sec_unavailable;thesis_unavailable,-8.0,-0.1,-5.4,-20.8,Industrials,growth_compounder
PYPL,2026-09-27,64.3,monitor,medium,50.0,86.9,50.0,55.0,78.2,thesis_integrity,sec_unavailable;thesis_unavailable,9.3,1.4,4.2,7.1,Financials,mature_compounder
QCOM,2026-09-27,44.4,review,medium,50.0,44.4,50.0,50.0,41.1,thesis_integrity,sec_unavailable;thesis_unavailable,-1.4,7.4,-11.6,-11.3,Technology,mature_compounder
REGN,2026-09-27,54.7,weakening,medium,50.0,87.4,50.0,58.8,39.5,thesis_integrity,sec_unavailable;thesis_unavailable,9.3,2.2,5.2,15.7,Health Care,standard_compounder
ROP,2026-09-27,49.8,review,medium,50.0,60.7,50.0,50.0,46.7,thesis_integrity,sec_unavailable;thesis_unavailable,2.6,-5.6,-6.6,-0.2,Industrials,standard_compounder
ROST,2026-09-27,49.6,review,medium,50.0,65.6,50.0,58.8,40.7,thesis_integrity,sec_unavailable;thesis_unavailable,4.9,0.2,4.8,0.1,Consumer Discretionary,standard_compounder
RTX,2026-09-27,49.8,review,medium,50.0,60.3,50.0,58.8,46.7,thesis_integrity,sec_unavailable;thesis_unavailable,2.6,-4.1,-1.9,6.5,Industrials,standard_compounder
SBUX,2026-09-27,37.0,review,medium,50.0,15.3,50.0,58.8,40.7,thesis_integrity,sec_unavailable;thesis_unavailable,-8.2,-4.5,-14.0,-16.6,Consumer Discretionary,standard_compounder
SCHW,2026-09-27,56.4,weakening,medium,50.0,55.4,50.0,55.0,78.2,thesis_integrity,sec_unavailable;thesis_unavailable,2.1,-6.4,-2.2,7.9,Financials,standard_compounder
SHW,2026-09-27,49.2,review,medium,50.0,59.2,50.0,55.0,45.5,thesis_integrity,sec_unavailable;thesis_unavailable,2.8,0.7,3.9,3.8,Materials,standard_compounder
SLB,2026-09-27,39.9,review,medium,50.0,18.5,50.0,55.0,49.1,thesis_integrity,sec_unavailable;thesis_unavailable,-7.1,-3.8,-8.6,-2.5,Energy,standard_compounder
SMCI,2026-09-27,53.6,weakening,medium,50.0,93.5,50.0,58.8,41.1,thesis_integrity,sec_unavailable;thesis_unavailable,7.8,1.2,-2.3,12.3,Technology,growth_compounder
SNPS,2026-09-27,32.5,review,medium,50.0,8.9,50.0,55.0,41.1,thesis_integrity,sec_unavailable;thesis_unavailable,-13.3,-4.1,-12.4,-16.1,Technology,standard_compounder
SO,2026-09-27,33.7,review,medium,50.0,13.8,50.0,58.8,29.1,thesis_integrity,sec_unavailable;thesis_unavailable,-8.3,-5.8,-6.4,-16.8,Utilities,standard_compounder
SPG,2026-09-27,45.1,review,medium,50.0,62.7,50.0,58.8,25.9,thesis_integrity,sec_unavailable;thesis_unavailable,1.1,-3.2,-2.7,-12.4,Real Estate,standard_compounder
STX,2026-09-27,50.8,weakening,medium,50.0,82.0,50.0,58.8,41.1,thesis_integrity,sec_unavailable;thesis_unavailable,6.0,7.0,-5.5,-6.1,Technology,standard_compounder
SYK,2026-09-27,35.4,review,medium,50.0,10.1,50.0,55.0,39.5,thesis_integrity,sec_unavailable;thesis_unavailable,-9.2,-7.9,-5.1,-4.8,Health Care,mature_compounder
T,2026-09-27,47.0,review,medium,50.0,52.6,50.0,58.8,43.6,thesis_integrity,sec_unavailable;thesis_unavailable,1.4,-1.3,4.0,8.6,Communication Services,mature_compounder
TEAM,2026-09-27,54.3,weakening,medium,50.0,96.0,50.0,58.8,41.1,thesis_integrity,sec_unavailable;thesis_unavailable,9.5,-2.6,-3.3,13.9,Technology,standard_compounder
TGT,2026-09-27,54.8,weakening,medium,50.0,86.3,50.0,58.8,40.7,thesis_integrity,sec_unavailable;thesis_unavailable,9.9,-4.0,-4.0,-1.3,Consumer Discretionary,standard_compounder
TJX,2026-09-27,36.2,review,medium,50.0,12.1,50.0,58.8,40.7,thesis_integrity,sec_unavailable;thesis_unavailable,-9.5,-3.5,-3.0,-10.0,Consumer Discretionary,mature_compounder
TMO,2026-09-27,57.3,weakening,medium,50.0,97.7,50.0,55.0,39.5,thesis_integrity,sec_unavailable;thesis_unavailable,11.9,-1.8,1.9,10.2,Health Care,standard_compounder
TMUS,2026-09-27,36.9,review,medium,50.0,12.0,50.0,58.8,43.6,thesis_integrity,sec_unavailable;thesis_unavailable,-8.7,-3.2,-2.5,-2.3,Communication Services,standard_compounder
TRV,2026-09-27,62.0,monitor,medium,50.0,77.8,50.0,58.8,78.2,thesis_integrity,sec_unavailable;thesis_unavailable,7.7,-2.3,1.0,4.0,Financials,mature_compounder
TSLA,2026-09-27,37.3,review,medium,50.0,16.6,50.0,41.2,40.7,thesis_integrity,sec_unavailable;thesis_unavailable,-7.4,-0.1,-2.3,-9.9,Consumer Discretionary,standard_compounder
TT,2026-09-27,43.8,review,medium,50.0,36.7,50.0,50.0,46.7,thesis_integrity,sec_unavailable;thesis_unavailable,-2.6,2.1,1.8,-6.9,Industrials,standard_compounder
TTD,2026-09-27,33.1,review,medium,50.0,-3.0,50.0,41.2,43.6,thesis_integrity,sec_unavailable;thesis_unavailable,-12.5,0.3,-0.1,-4.1,Communication Services,standard_compounder
TTWO,2026-09-27,34.4,review,medium,50.0,2.1,50.0,58.8,43.6,thesis_integrity,sec_unavailable;thesis_unavailable,-11.0,-7.6,-14.8,-23.1,Communication Services,standard_compounder
TXN,2026-09-27,38.6,review,medium,50.0,21.2,50.0,58.8,41.1,thesis_integrity,sec_unavailable;thesis_unavailable,-6.2,-1.2,-14.5,-18.7,Technology,mature_compounder
UBER,2026-09-27,39.4,review,medium,50.0,18.8,50.0,58.8,46.7,thesis_integrity,sec_unavailable;thesis_unavailable,-6.3,-2.7,-4.4,-9.6,Industrials,growth_compounder
UNH,2026-09-27,40.9,review,medium,50.0,32.0,50.0,58.8,39.5,thesis_integrity,sec_unavailable;thesis_unavailable,-3.5,-3.1,-14.8,-17.3,Health Care,standard_compounder
UNP,2026-09-27,45.1,review,medium,50.0,41.8,50.0,55.0,46.7,thesis_integrity,sec_unavailable;thesis_unavailable,-1.1,-6.0,-12.1,-4.7,Industrials,standard_compounder
UPS,2026-09-27,45.5,review,medium,50.0,43.5,50.0,55.0,46.7,thesis_integrity,sec_unavailable;thesis_unavailable,-1.7,-3.4,-1.5,0.7,Industrials,standard_compounder
USB,2026-09-27,58.8,weakening,medium,50.0,64.8,50.0,55.0,78.2,thesis_integrity,sec_unavailable;thesis_unavailable,4.5,-0.8,3.8,4.6,Financials,standard_compounder
V,2026-09-27,58.0,weakening,medium,50.0,61.9,50.0,50.0,78.2,thesis_integrity,sec_unavailable;thesis_unavailable,4.0,-2.6,-2.1,2.5,Financials,mature_compounder
VLO,2026-09-27,58.6,weakening,medium,50.0,93.3,50.0,58.8,49.1,thesis_integrity,sec_unavailable;thesis_unavailable,11.6,-2.6,-1.3,-0.9,Energy,standard_compounder
VRSK,2026-09-27,44.0,review,medium,50.0,37.2,50.0,50.0,46.7,thesis_integrity,sec_unavailable;thesis_unavailable,-2.4,-6.1,-5.4,-2.9,Industrials,standard_compounder
VRTX,2026-09-27,53.8,weakening,medium,50.0,83.6,50.0,50.0,39.5,thesis_integrity,sec_unavailable;thesis_unavailable,8.4,-1.3,-3.5,2.4,Health Care,standard_compounder
VZ,2026-09-27,46.0,review,medium,50.0,48.4,50.0,50.0,43.6,thesis_integrity,sec_unavailable;thesis_unavailable,0.4,-2.4,-3.8,2.6,Communication Services,mature_compounder
WBD,2026-09-27,51.1,weakening,medium,50.0,68.9,50.0,58.8,43.6,thesis_integrity,sec_unavailable;thesis_unavailable,5.7,4.2,3.8,7.9,Communication Services,standard_compounder
WDAY,2026-09-27,57.1,weakening,medium,50.0,95.3,50.0,55.0,41.1,thesis_integrity,sec_unavailable;thesis_unavailable,11.3,-0.1,0.1,16.3,Technology,standard_compounder
WDC,2026-09-27,41.4,review,medium,50.0,39.5,50.0,55.0,41.1,thesis_integrity,sec_unavailable;thesis_unavailable,-4.4,3.2,-10.8,-13.1,Technology,recovery_stabilization
WELL,2026-09-27,44.9,review,medium,50.0,61.7,50.0,41.2,25.9,thesis_integrity,sec_unavailable;thesis_unavailable,2.9,-3.3,-7.9,-8.7,Real Estate,standard_compounder
WFC,2026-09-27,59.0,weakening,medium,50.0,65.7,50.0,58.8,78.2,thesis_integrity,sec_unavailable;thesis_unavailable,4.7,-3.4,7.8,11.0,Financials,mature_compounder
WM,2026-09-27,41.8,review,medium,50.0,28.5,50.0,50.0,46.7,thesis_integrity,sec_unavailable;thesis_unavailable,-5.4,-5.1,-2.2,-4.8,Industrials,mature_compounder
WMB,2026-09-27,39.1,review,medium,50.0,15.2,50.0,50.0,49.1,thesis_integrity,sec_unavailable;thesis_unavailable,-7.7,-6.2,-8.5,-12.5,Energy,standard_compounder
WMT,2026-09-27,33.7,review,medium,50.0,1.7,50.0,55.0,41.0,thesis_integrity,sec_unavailable;thesis_unavailable,-11.3,-3.9,-3.2,-7.4,Consumer Staples,mature_compounder
XEL,2026-09-27,35.5,review,medium,50.0,21.0,50.0,58.8,29.1,thesis_integrity,sec_unavailable;thesis_unavailable,-7.3,-3.4,-5.3,-13.3,Utilities,standard_compounder
XOM,2026-09-27,46.2,review,medium,50.0,43.7,50.0,58.8,49.1,thesis_integrity,sec_unavailable;thesis_unavailable,-0.8,-7.6,-3.3,3.3,Energy,standard_compounder
ZS,2026-09-27,45.4,review,medium,50.0,60.5,50.0,55.0,41.1,thesis_integrity,sec_unavailable;thesis_unavailable,0.6,-9.4,-13.0,10.3,Technology,growth_compounder
